claim_id,exact_claim,origin,status,geography,period,population,metric,denominator,source,publication_date,observation_date,access_date,exact_locator,supporting_passage,counterevidence,limitation,decision_use,verification,source_families,wntb,stage
R7-E-A01,The 2026 Consumer White Paper (cabinet decision 2026-06-12) reports that about 20% ('約2割') of people who use subscription services had experienced trouble when cancelling.,government/regulator,reported_unopened,Japan,Survey fielding period UNKNOWN; published 2026-06-12,Subscription users among CAA survey respondents (exact base UNKNOWN),Share reporting cancellation trouble,UNKNOWN (work-order lead says subscription users among prior-year online purchasers; not confirmed),R7-S002;R7-S003;R7-S005,2026-06-12,UNKNOWN,2026-10-05,White paper chapter/figure UNKNOWN; media headlines 2026-06-12,"Search-tool extract (paraphrase, not verbatim): 'SNS相談が最多更新の10万件 サブスク解約、2割トラブル経験' (Kyodo headline); Nikkei: 'サブスク解約トラブル2割が経験'.",None found. No independent survey with a comparable probability sample was located.,"All three outlets re-report one release (family F01). 'Trouble' is undefined in the extracts. Incidence of trouble is not demand, delegation or willingness to pay.",A1: directional only. A minority of users report cancellation friction. Not used for sizing or adoption.,extract_of_secondary,F01-CAA-WhitePaper2026,A1,S2
R7-E-A02,The work-order lead figures 71.6% (subscription-contract experience among prior-year online purchasers) and 17.9% (cancellation trouble among subscription users) were not found in any search extract.,analyst calculation,unresolved,Japan,2026 white paper,n/a,n/a,n/a,R7-S001;R7-S002;R7-S003,2026-06-12,n/a,2026-10-05,"Targeted searches for '""17.9%"" サブスク 解約' and '""71.6%"" サブスクリプション' on 2026-10-05",No extract contained either figure.,"'約2割' is consistent with 17.9% after rounding, but consistency is not confirmation.","The primary PDF is blocked. The survey round, n, fielding dates, age structure and question wording are all unconfirmed.",Neither figure is used anywhere in this packet. E-queue: open the white paper and its underlying survey.,not_found,F01-CAA-WhitePaper2026,A1,S2
R7-E-A03,"Among people who reported cancellation trouble, the most-cited problems were 'could not find the cancellation page / it was deep in the site' (46.0%) and 'the procedure was complicated / had more steps than necessary' (45.7%).",government/regulator,reported_unopened,Japan,As A01,Respondents reporting subscription cancellation trouble,Share citing each problem (multiple answers presumed),Respondents with cancellation trouble (size UNKNOWN),R7-S002;R7-S004,2026-06-12,UNKNOWN,2026-10-05,White paper figure UNKNOWN,"Search-tool extract (paraphrase, not verbatim): '「解約手続きページが見つからなかった/ウェブサイトの深い階層にあった」が46.0%、「手続きが複雑だった/必要以上に多かった」が45.7%'.","None found. Other answer options and their shares were not visible, e.g. phone-only or retention pressure.","One family. The full option list is unknown, so it is not known whether phone-only, in-person or 'charged after cancelling' were offered as options.","A2/H02 (against): the top-cited friction is J3 (finding the route), which a guide or deep link (C02) addresses without execution. Complexity (45.7%) is J3/J4 and ambiguous.",extract_of_secondary,F01-CAA-WhitePaper2026,A2,S2
R7-E-A04,"PIO-NET recorded 98,189 (2022), 80,302 (2023) and 89,044 (2024) consultations about mail-order 定期購入 (recurring purchase) contracts. A CAA release reports 89,893 for 2024.",government/regulator,unresolved,Japan,Calendar years 2022-2024,Consultations registered in PIO-NET (not consumers),Count of consultations,n/a (counts). Comparator: all consultations FY2024 = 913k (R7-E-A06),R7-S015;R7-S014,2025,Data as of 2025-05-31 (Kokusen page),2026-10-05,kokusen soudan_topics subscription_traps (counts table); ecnomikata 47741,"Search-tool extract (paraphrase, not verbatim): Kokusen: '2022年 98,189件, 2023年 80,302件, 2024年 89,044件'; ecnomikata: '2024年の通信販売の「定期購入」に関する相談件数は8万9893件'.","The two 2024 figures differ by 849 (0.95%), probably because of different PIO-NET cut-off dates. Not resolved.","Consultations are not consumers or incidents. 定期購入 covers physical-product recurring purchases, mostly trial-to-subscription traps, not digital subscriptions. Both figures come from PIO-NET (one underlying dataset).","A1: the largest observable complaint pocket is 定期購入 at about 80-98k a year, roughly an order of magnitude above Kokusen's coded 'サブスク' consultations (R7-E-A08).",multiple_extracts,F03-CAA-TeikiKonyu;F04-Kokusen-PIONET,A1,S2
R7-E-A05,"Kokusen describes 定期購入 trouble as skewing toward people in their 50s and older and toward cosmetics, with a typical pattern of 'the ad said cancel any time, but the phone line does not connect'.",government/regulator,reported_unopened,Japan,UNKNOWN (consultation trend description),定期購入 consultations,Qualitative skew (no counts in extract),n/a,R7-S015;R7-S021,UNKNOWN,UNKNOWN,2026-10-05,Kokusen subscription_traps; 見守り新鮮情報 504,"Search-tool extract (paraphrase, not verbatim): '「いつでも解約できる」と書いてあったのに…電話がつながらず、なかなか解約できない'; '年代別では50代以上、商品別では化粧品が多い'; advice: '解約の期日までに事業者に連絡がつかない不安がある場合は、電話やメールの発信履歴など連絡した証拠を残し'.",None found.,"No shares or counts were visible, so the skew cannot be quantified.",Identifies a concrete J4 friction architecture: a phone-only channel plus a deadline before the next shipment. Candidate route class C or D. Tested in S4/S5.,extract_of_primary_url,F04-Kokusen-PIONET;F09-Kokusen-Mimamori504,A1;D2,S2
R7-E-A06,"Japan's consumer centres received 1.006M consultations in FY2025, versus 913k in FY2024. Contract parties aged 70+ were 25.6%; those aged 65+ numbered 330,497 (37.7%).",government/regulator,reported_unopened,Japan,FY2025 (Apr 2025-Mar 2026),All consultations registered in PIO-NET,Count; age share of contract party,All FY2025 consultations,R7-S016,2026-08-05,Data as of 2026-05-31,2026-10-05,Kokusen n-20260805_1 (and prefectural PDFs),"Search-tool extract (paraphrase, not verbatim): '2025年度の相談件数は100.6万件で、2024年度の91.3万件に比べ約９万件増加'; '70歳以上の割合が最も高く、25.6%'; '65歳以上…330,497件…37.7％'.",None.,"Covers all consultation topics, not subscriptions. Consultation propensity varies by age, so this measures who complains to centres, not who has the problem.","Comparator only: the 65+ share of consultations (37.7%) is above the 65+ share of the population (29.4%, R7-E-A07); ratio 1.28 (R7-E-A15). This hints at a family-assisted senior segment but is not subscription-specific.",extract_of_primary_url,F04-Kokusen-PIONET,A1,S2
R7-E-A07,People aged 65 and over were 29.4% of Japan's population in 2025 (36.19M).,government/regulator,reported_unopened,Japan,2025-09-15 estimate,Total population,Share aged 65+,Total population,R7-S035,2025-09-14,2025-09-15,2026-10-05,"Statistics Bureau 統計トピックス (敬老の日), exact topics number UNRESOLVED","Search-tool extract (paraphrase, not verbatim): '総人口に占める65歳以上の高齢者の割合は29.4%で過去最高…3,619万人'.",None.,Comparator only.,Denominator comparator for R7-E-A06.,extract_of_primary_url,F22-Stat-Elderly2025,A1,S2
R7-E-A08,"Kokusen (2021-10-07): consumer centres had received about 500 subscription ('サブスク') consultations per month since FY2021, many from internet sign-ups, including cases where consumers believed they had already cancelled ('解約したはず!').",government/regulator,reported_unopened,Japan,FY2021 (Apr-Sep 2021),Consultations coded as subscription,Monthly consultation count,n/a,R7-S017,2021-10-07,2021,2026-10-05,Kokusen n-20211007_1,"Search-tool extract (paraphrase, not verbatim): 'サブスクに関する相談が、2021年度以降、毎月500件程度寄せられています…契約内容等を正しく認識していないまま契約し、請求に気づいてトラブルになる'.","No later monthly count was found, so the trend after 2021 is UNKNOWN.","Five years old. 500/month (about 6,000 a year) against about 80-98k 定期購入 consultations a year reflects coding categories, not true incidence.",J5 exists as a recognised complaint type ('I thought I cancelled'). The volume in Kokusen's 'サブスク' code is small relative to 定期購入.,extract_of_primary_url,F05-Kokusen-Subsc2021,A1;A2,S2
R7-E-A09,"Kokusen (2026-07-09) warns that deleting or uninstalling an app does not cancel a subscription, that free trials usually convert automatically, and advises consumers to check card and carrier-billing statements every month.",government/regulator,reported_unopened,Japan,2026,Consumers,Advisory (qualitative),n/a,R7-S018,2026-07-09,2026,2026-10-05,見守り新鮮情報 第545号,"Search-tool extract (paraphrase, not verbatim): 'アプリのアイコンを削除したり、アプリをアンインストールするだけでは解約とはなりません'; 'クレジットカードやキャリア決済等の明細は、毎月確認しましょう'.",None.,"Advisory, not incidence.","B2: the official free workaround for J1/J5 is self-review of statements. J3 confusion (app deletion ≠ cancellation) is a routing and knowledge gap, not an execution gap.",extract_of_primary_url,F06-Kokusen-Mimamori545,A2;B2,S2
R7-E-A10,"Kokusen (2026-08-19) publicly named the monthly clothing-rental subscription Rcawaii (operator Gracegres) after about 1,600 consultations, including billing that continued after cancellation requests.",government/regulator,reported_unopened,Japan,Consultations to 2026-08,Consultations about one provider,"Count (about 1,600)",n/a,R7-S019,2026-08-19,2026-08,2026-10-05,NHK nd-20260819de45075; kumanichi 2026755,"Search-tool extract (paraphrase, not verbatim): '月額制の洋服レンタルサービスに関する相談が寄せられている…注意喚起'; count about 1,600 seen in an earlier extract.",None.,"A single provider. Its conduct is the outlier that triggered a named warning, not the norm.","J5/J6 failures concentrate in non-cooperative providers. There an on-behalf agent meets the same non-response, so the remedy is J6 (dispute, regulator, chargeback), not better execution.",extract_of_secondary,F07-Kokusen-Rcawaii2026,A2;E2,S2
R7-E-A11,"Kokusen (2024-11-20) reports consultations from bereaved families who want to identify or cancel a deceased person's online subscriptions but cannot, because they lack the IDs and passwords.",government/regulator,reported_unopened,Japan,Up to 2024-11,Bereaved-family consultations,Qualitative (no counts in extract),n/a,R7-S020,2024-11-20,2024,2026-10-05,Kokusen n-20241120_1,"Search-tool extract (paraphrase, not verbatim): '遺族が契約内容の確認や解約をしたくても、ID、パスワードの手がかりがないために手続きに困るケース'.",None.,No counts. The bereavement process is provider-specific (S4).,A distinct segment in which J1 (discovery without credentials) binds and the acting party is not the account holder. Kept separate (see report §A.4).,extract_of_primary_url,F08-Kokusen-DigitalEstate2024,A1;E1,S2
R7-E-A12,"Okane-ko survey (2025-12, n=330 platform users): 61.8% currently subscribe. Of those, 50.5% had been auto-billed after a free or first-month-free trial they forgot to cancel, and 19.1% hold a barely used subscription they have not cancelled. About one in three have no habit of reviewing subscriptions.",original survey,reported_unopened,Japan,Fielded 2025-12-06..07,Users of the Okane-ko personal-finance platform,Shares of respondents / subscribers,"n=330 (subscriber subset = 61.8%, so about 204)",R7-S022,2025-12,2025-12-07,2026-10-05,okane-kenko.jp/media/survey_2512-2,"Search-tool extract (paraphrase, not verbatim): 'サブスク契約者は61.8%で、そのうち50.5%が初月無料やお試し期間終了後の解約忘れによる自動課金を経験'; '「ほとんど使っていないのに解約し忘れている」…19.1%'.",ゼニエモン survey: half reviewed within a year (R7-E-A14).,"Non-probability sample of finance-engaged users, run by a firm that sells financial advice. Small n.","J1 (forgetting) is common even among finance-engaged users. It points to discovery and reminders (C01), not execution.",extract_of_primary_url,F10-Okaneko-2025,A1;A2,S2
R7-E-A13,"AZWAY survey (2026-06, n=300, ages 20-69): more than half had paid for a subscription they forgot to cancel.",original survey,reported_unopened,Japan,Fielded 2026-06-07..10,"Internet panel, 20-69",Share with forgotten-subscription payment experience,n=300,R7-S023,2026-06,2026-06-10,2026-10-05,Forbes JAPAN 104215,"Search-tool extract (paraphrase, not verbatim): 'サブスクの解約し忘れによって無駄に料金を払っていた経験がある人が半数を超えた'.",None.,Exact share not visible ('半数超'). Panel and sponsor motives not checked. Small n.,Second independent family for J1 forgetting (see R7-E-A16).,extract_of_secondary,F11-AZWAY-2026,A1,S2
R7-E-A14,"ゼニエモン survey (2025-07/08, n=400 via CrowdWorks): 79.0% use subscriptions (20s: 92.0%). The modal monthly subscription spend is ≤¥2,000. The modal review answer is 'not reviewed for over a year', but about half reviewed within the past year.",original survey,reported_unopened,Japan,Fielded 2025-07-24..08-07,CrowdWorks registrants aged 10s+,Usage share; modal spend band; review recency,n=400,R7-S024,2025-08,2025-08-07,2026-10-05,CommercePick 70690,"Search-tool extract (paraphrase, not verbatim): '79.0%が「利用している」…20代では92.0%'; '最も多かった回答は「2,000円以下」'; '回答者の半数が1年以内に契約状況を見直している'.",Okane-ko: about a third have no review habit (R7-E-A12).,"Self-selected gig-work sample, probably younger and more online than the population. The spend distribution beyond the mode is not visible.","Money at risk per user is modest: the modal total subscription spend is ≤¥2,000 a month, which caps the savings a consumer could attribute to the product.",extract_of_secondary,F12-Zeniemon-2025,A1;G1,S2
R7-E-A15,"The 65+ share of consumer-centre consultations (37.7%, FY2025) is 1.28 times the 65+ population share (29.4%, 2025).",analyst calculation,calculated,Japan,FY2025 / 2025,As R7-E-A06 and R7-E-A07,Ratio of shares,as stated,R7-S016;R7-S035,n/a,n/a,2026-10-05,37.7 / 29.4,37.7 / 29.4 = 1.2823,n/a,"Mixes a fiscal-year consultation share with a September population share. All topics, not subscriptions. Both inputs are reported_unopened.",Comparator only.,calculated_from_ledger,F04-Kokusen-PIONET;F22-Stat-Elderly2025,A1,S2
R7-E-A16,"Paying for forgotten or unused subscriptions is commonly reported among Japanese subscription users (direction only, not prevalence).",analyst calculation,corroborated,Japan,2025-2026,Non-probability survey respondents,Direction,n/a,R7-S022;R7-S023;R7-S018,n/a,n/a,2026-10-05,"R7-E-A12, R7-E-A13, R7-E-A09","Two independent private surveys (F10, F11) report it, and a Kokusen advisory (F06) warns about trial auto-conversion.",No probability-sample prevalence estimate exists in the extracts.,Only the direction is corroborated. The magnitude is not.,"J1 is real and common. That supports trackers and reminders, not execution.",multiple_extracts,F06-Kokusen-Mimamori545;F10-Okaneko-2025;F11-AZWAY-2026,A1,S2
R7-E-A17,"CAA's expert committee on continuous contracts (interim summary, reported 2026-08-28 to 2026-09) proposes amending the Consumer Contract Act to prohibit obstructing cancellation of subscriptions and 定期購入: misrepresenting important matters, refusing or unreasonably delaying cancellation, and deceptive or intimidating conduct. Qualified consumer organisations could seek injunctions. A bill is targeted for as early as the next ordinary Diet session. Effort duties under consideration include reasonable cancellation methods, disclosure of cancellation conditions, contacts and methods, notice before auto-renewal, and notice of important term changes.",government/regulator,reported_unopened,Japan,2026 committee; possible bill 2027,Businesses offering continuous contracts,Proposed rules (qualitative),n/a,R7-S006;R7-S007;R7-S008;R7-S009;R7-S010;R7-S011;R7-S012;R7-S013,2026-08-28..2026-09,2026-09,2026-10-05,CAA expert committee interim summary (exact title/date UNRESOLVED; earlier extract: 2026-09-09),"Search-tool extract (paraphrase, not verbatim): Nikkei: 'サブスク解約妨害に規制…解約料は説明責任'; Kyodo: '重要事項のうそ…解約申し出の拒否や不当な遅延…'; earlier extracts: 適格消費者団体の差止請求; 来年の通常国会にも法案.",Final scope and timing are not decided. Effort duties (努力義務) are not prohibitions. Whether phone-only or complex flows will be covered is speculative (R7-S013 headline ends in 'か').,Primary committee documents not opened. All outlets report one process (F02).,"K1 (two-sided): it validates obstruction as a recognised harm, and from about 2027-28 it targets the exact frictions an execution service would monetise. It does not obviously address forgetting (J1) or platform/bundle routing (J3).",extract_of_secondary,F02-CAA-ContinuousContracts2026,K1,S2
R7-E-A18,"A DIME article reports that respondents use 2.3 subscription services on average and that a monthly cost under ¥3,000 is the most common band.",independent media,unresolved,Japan,UNKNOWN,"UNKNOWN (survey sponsor, sample and date not identified)",Mean services per user; modal spend band,UNKNOWN,R7-S025,UNKNOWN,UNKNOWN,2026-10-05,dime.jp/genre/1753924/2/,"Search-tool extract (paraphrase, not verbatim): '現在利用しているサブスクサービスは平均2.3個で、月額費用は3000円未満が最多'.",None.,"Provenance unknown, so it cannot carry any decision.",Not used. Recorded so it is not later mistaken for a verified average.,extract_of_secondary,F13-DIME-survey,G2,S2
R7-E-A19,"2024 定期購入 consultations (89,044) are about 9.75% of FY2024 total consultations (913k). This is an order-of-magnitude comparator only, because a calendar-year count is divided by a fiscal-year total.",analyst calculation,calculated,Japan,CY2024 / FY2024 (mismatched),PIO-NET consultations,Ratio,FY2024 total consultations (913k),R7-S015;R7-S016,n/a,n/a,2026-10-05,"89,044 / 913,000",89044 / 913000 = 0.09753,"Using 89,893 instead gives 0.09846.","Period mismatch, and the 913k total is rounded. Not a valid share.","定期購入 is a top-tier complaint category (about one in ten consultations), not a niche.",calculated_from_ledger,F04-Kokusen-PIONET,A1,S2
R7-E-B01,"On card statements, Apple charges appear under one descriptor (APPLE.COM/BILL) that covers App Store purchases, Apple's own subscriptions, in-app purchases and Family Sharing purchases. Identifying the specific subscription requires the Apple ID purchase history or subscription list.",community/forum,reported_unopened,Japan (Apple JP community),UNKNOWN (current as of extract),App Store purchases charged to cards,Descriptor behaviour (qualitative),n/a,R7-S031,UNKNOWN,UNKNOWN,2026-10-05,discussionsjapan.apple.com/thread/250913794; assist-all explainers,"Search-tool extract (paraphrase, not verbatim): '「apple com bill」はAppleが提供する各種サービスやアプリ購入に関する決済がクレジットカード明細に表示される際の公式請求名義'; 'ファミリー共有時は家族が利用した分も請求に含まれます'.",None found. Apple's own billing help page was not located.,Community and secondary sources.,"C1/C2/F1: card- or bank-transaction data cannot resolve platform-billed subscriptions to a provider, and a later APPLE.COM/BILL charge does not show which subscription persisted. J5 verification for this class needs Apple-side data (receipt e-mail or the user's subscription list).",extract_of_secondary,F18-Apple-descriptor,C1;F1,S2
R7-E-B02,"The three carriers' billing portals list active continuous charges: docomo (d払い/ドコモ払い '継続課金一覧'), au (auかんたん決済 continuous-charge list) and SoftBank (My SoftBank 'まとめて支払い'). For docomo the extract says a 'details' link leads to the provider's site, where cancellation is done. For au it says services can be cancelled from the list page.",company/provider,company-reported,Japan,UNKNOWN (help pages; may be dated),Carrier-billed content subscriptions,Visibility and cancellation surface (qualitative),n/a,R7-S029;R7-S030,UNKNOWN,UNKNOWN,2026-10-05,docomo help 0551; iPhone Mania manual 220307,"Search-tool extract (paraphrase, not verbatim): '「継続課金一覧」をタップすると現在契約中のサービスが確認できます'; 'auかんたん決済で契約中のサービスは継続課金一覧ページより解約できます'; '「詳細」をタップすると、サービス提供者のWebサイトへのリンクボタン…サービス提供者サイトで解約手続き'.",The au and docomo descriptions differ (cancel in the carrier portal vs at the provider). Resolve per provider in S4.,"Partly secondary how-to text, and possibly dated.","B2/C1: carriers already provide a free J1 list for this rail. A card statement shows only the phone-bill total, so card-based detection cannot see these subscriptions (R7-E-B06).",multiple_extracts,F17-Carrier-billing-help,B2;C1,S2
R7-E-B03,The Google Play Developer API lets the app's developer cancel a user's subscription server-side (purchases.subscriptionsv2.cancel; types USER_REQUESTED_STOP_RENEWALS and DEVELOPER_REQUESTED_STOP_PAYMENTS).,company/provider,company-reported,Global,Current docs (date UNKNOWN),Google Play subscriptions,API capability (qualitative),n/a,R7-S032,UNKNOWN,UNKNOWN,2026-10-05,developer.android.com/google/play/billing/manage-purchases; androidpublisher v3 subscriptionsv2,"Search-tool extract (paraphrase, not verbatim): 'Developers can cancel a subscription server-side by calling purchases.subscriptionsv2.cancel'.",None.,The capability belongs to the developer (merchant). Nothing found grants a third party such an API.,D2: for Play-billed subscriptions no permitted machine route for a third party was found (no path found ≠ prohibition). The practical route is user self-service in Play (route B or self-service).,extract_of_primary_url,F19-GooglePlay-devdocs,D2,S2
R7-E-B04,"Developers cannot cancel a user's Apple App Store subscription. Only the user, through their Apple account, or Apple support can.",community/forum,reported_unopened,Global,UNKNOWN,App Store subscriptions,Capability (qualitative),n/a,R7-S033,UNKNOWN,UNKNOWN,2026-10-05,RevenueCat community 308; Apple Developer Forums thread 727298,"Search-tool extract (paraphrase, not verbatim): 'it's impossible for the developer to cancel a user's Apple subscription'.",None found. Apple's own documentation stating this was not located.,Community statements.,"D2: App Store-billed subscriptions have no machine route for any party except the user or Apple, so execution is user-only (route B handoff at best).",extract_of_secondary,F20-Apple-devcancel,D2,S2
R7-E-B05,"Gym and fitness-club cancellation commonly requires a written form or an in-store visit. Reported trouble includes 'told by phone that a written form is required' and 'submitted the form in store, but told the cancellation was not processed'.",government/regulator,reported_unopened,Japan,UNKNOWN,Fitness-club consultations,Qualitative,n/a,R7-S034,UNKNOWN,UNKNOWN,2026-10-05,Kyoto pref 1294273032248; 見守り新鮮情報 484,"Search-tool extract (paraphrase, not verbatim): '電話で退会を伝えたのに、書面が必要と言われた'; '来店して解約届を出したはずなのに、手続きが完了していないと言われた'; '書面で申請しないと解約や休会にならず、引き落としが続いてしまう場合'; 'キャンペーンなどの特典で契約した場合、一定期間は解約できない、解約違約金がかかるなどの条件が設けられていることがあります'.",None. Some chains offer online cancellation (to be checked per provider in S4).,No counts.,"Physical memberships are a candidate route D (in person) or C (written instruction). A J5 failure mode (form submitted, not processed) is documented.",extract_of_primary_url,F21-Gym-cancellation,D2;F1,S2
R7-E-B06,"Card- or bank-transaction detection sees platform-billed (APPLE.COM/BILL, Google Play) and carrier-billed subscriptions only as aggregate merchant lines, so it cannot identify, or verify the stop of, the individual subscriptions inside them.",analyst calculation,inference,Japan,2026,Subscriptions billed via platform or carrier rails,Detection coverage (qualitative),n/a,R7-S031;R7-S029,n/a,n/a,2026-10-05,From R7-E-B01 and R7-E-B02,Inference from the descriptor and portal behaviour above.,Google Play's card descriptor may name the app (format not checked). Some PFM apps may parse receipt e-mails. Both are for S3.,"Inference, not tested on data.","C1: detection needs a second channel (e-mail receipts, platform screens or user entry) for the rails that the Apple/Google/carrier lists already cover. Makes B1 doubly important.",calculated_from_ledger,F17-Carrier-billing-help;F18-Apple-descriptor,C1;F1,S2
R7-E-B07,"GEM Partners estimates Japan's subscription video (SVOD) market at about ¥601.7bn in 2025 (+14.3% YoY). Growth came from price increases and services per user (1.8 to 2.0), not user growth. Shares: Netflix 27.1%, U-NEXT 17.1%, Prime Video 12.1%.",original survey,company-reported,Japan,Calendar 2025,SVOD users (GEM panel and estimate),Market size (¥); services per user; spend share,Total SVOD spend (shares),R7-S026,2026-03-23,2025,2026-10-05,Web担当者Forum 2026/03/23 52363,"Search-tool extract (paraphrase, not verbatim): '2025 market size … approximately 6,017 [億円] … 14.3% increase'; 'services per person from 1.8 to 2.0'; 'Netflix 27.1%, U-NEXT 17.1%, Prime Video 12.1%'.",None.,"A vendor estimate. The extract rendered the size as '6,017 billion yen', which is a unit error; 6,017億円 = ¥601.7bn is used here.","Two subscriptions per SVOD user is a low count per user (G2). The top three hold 56.3% of spend (R7-E-B08), so a handful of playbooks covers most SVOD spend. That favours a cheap guide (C02) and is easy for incumbents to copy (I1).",extract_of_secondary,F14-GEM-SVOD2025,G2;I1,S2
R7-E-B08,The top three SVOD services hold 56.3% of 2025 SVOD spend (27.1 + 17.1 + 12.1).,analyst calculation,calculated,Japan,2025,SVOD spend,Cumulative share,Total SVOD spend,R7-S026,n/a,n/a,2026-10-05,Sum of R7-E-B07 shares,27.1 + 17.1 + 12.1 = 56.3,n/a,Input shares are a vendor estimate.,See R7-E-B07.,calculated_from_ledger,F14-GEM-SVOD2025,I1,S2
R7-E-B09,"Sensor Tower and Adjust estimate Japan's mobile consumer app spend (App Store + Google Play) at $16.5bn in 2024, and mobile-game in-app spend at about $11bn for Aug 2024-Jul 2025.",company/provider,company-reported,Japan,2024; Aug 2024-Jul 2025,App Store + Google Play consumer spend,USD spend,n/a,R7-S027,2025,2024-2025,2026-10-05,Adjust Japan App Trends 2025; gamebiz 412248,"Search-tool extract (paraphrase, not verbatim): 'Japan's mobile market generated $16.5 billion in consumer spend in 2024'; 'Japanese gamers spent $11 billion on in-app purchases … Aug 2024 to Jul 2025'.",None.,"The periods differ, so non-game spend cannot be computed by subtraction. Game IAP is mostly one-off purchases, not subscriptions.",B1: platform-rail spend is dominated by games. No public split of Japanese subscriptions by billing rail was found (R7-E-B10).,extract_of_secondary,F15-SensorTower-JP,B1,S2
R7-E-B10,"No public survey or dataset was found that splits Japanese consumer subscriptions (count or spend) by billing rail: App Store, Google Play, carrier billing, card-on-file with the provider, bank debit or convenience-store payment.",analyst calculation,unresolved,Japan,As of 2026-10-05,n/a,n/a,n/a,R7-S027;R7-S028;R7-S024,n/a,n/a,2026-10-05,"Searches 2026-10-05: 'サブスク 支払い方法 アプリストア課金 … 割合', 'MMD研究所 サブスク 支払い方法', 'サブスク どこで契約 アプリ内課金 … 契約経路', 'ICT総研 動画配信 支払い方法'",Search extracts stated that no such split was present in the results.,"Paid industry reports (MMD, ICT総研, 矢野経済研究所) may hold it. They were not accessible.",Absence in search extracts is not absence of data.,B1 and stop condition 1 cannot be tested with public data. The billing-rail mix of the target segment must be measured in primary research (E-design S8).,not_found,F12-Zeniemon-2025;F15-SensorTower-JP;F16-MMD-Payments2025,B1,S2
R7-E-B11,"MMD Research (2025-07, n=25,000, ages 18-69): in the last month, 74.9% paid by cash, 53.0% by credit card and 46.7% by QR/barcode.",original survey,reported_unopened,Japan,Fielded 2025-07-02..07,"Ages 18-69, internet panel",Share using each method in the last month,"n=25,000",R7-S028,2025-07,2025-07-07,2026-10-05,paymentnavi 163810,"Search-tool extract (paraphrase, not verbatim): '「現金」が74.9%と最も多く、次いで「クレジットカード」が53.0%、「QR・バーコード決済」が46.7%'.",None.,"General payments, not subscriptions.",Comparator: about half of adults used a credit card in the month. A card-linked detection product's reachable base is a subset of the population before any linking friction.,extract_of_secondary,F16-MMD-Payments2025,C1,S2
R7-E-G01,Money Forward ME had 17.3M users as of October 2025.,company/provider,company-reported,Japan,As of 2025-10,Registered users (definition UNKNOWN),User count,n/a,R7-S039,2026-04-27,2025-10,2026-10-05,"Money Forward investor material (SBI seminar PDF), page UNKNOWN","Search-tool extract (paraphrase, not verbatim): 'マネーフォワード MEの利用者数は1,730万人です（2025年10月時点）'.",None.,"Registered users, not MAU. Paid premium users not disclosed in the extract.","L1/H12: MF's distribution is the base on which a cheap 'cancel' feature would land. Compared with Moneytree's about 6.5M (R7-E-G07), MF is the larger channel. No population-share claim is made (denominator not sourced).",extract_of_primary_url,F25-MF-IR,L1,S3
R7-E-G02,"From 2025-08-05, Money Forward ME premium (standard) costs ¥540 a month or ¥5,940 a year by card, and ¥590 / ¥6,490 via App Store or Google Play. The asset-building course is ¥980 / ¥10,700.",company/provider,company-reported,Japan,From 2025-08-05,n/a,"List price (¥, tax incl. presumed)",n/a,R7-S037,2025,2025-08-05,2026-10-05,MF ME help 4409828451993,"Search-tool extract (paraphrase, not verbatim): 'スタンダードコース（月額プラン）：540円 … App Store/Google Play決済の場合 … 590円'.",None.,Whether tax is included is not visible.,G1: a consumer price anchor. Bank-linked tracking with a subscription report already costs ¥540 a month.,extract_of_primary_url,F24-MF-help,G1,S3
R7-E-G03,"Money Forward ME's premium 'サブスクレポート' lists the previous month's subscription payments detected from card and bank statements, for named services such as Netflix, YouTube Premium, Disney+ and Hulu. Money Forward states that charges which cannot be told apart from other payments on the statement, such as App Store and carrier billing, are not currently supported.",company/provider,company-reported,Japan,Current help page (date UNKNOWN),MF ME premium users,Feature scope (qualitative),n/a,R7-S038,UNKNOWN,UNKNOWN,2026-10-05,MF ME help 11442145377305,"Search-tool extract (paraphrase, not verbatim): 'App Store決済やキャリア決済の様に、明細の表示から他の支払いと区別ができないものは、現在対応ができておりません'.",None.,The coverage count of named services is UNKNOWN. No cancellation function was mentioned.,"C2 (falsified for card/bank rails): the largest incumbent already detects card-rail subscriptions. It confirms R7-E-B06 for platform and carrier rails, whose own free lists already cover them.",extract_of_primary_url,F24-MF-help,C2;L1,S3
R7-E-G04,"Money Forward runs 『マネーフォワード 固定費の見直し』. It shows annual spend, expected savings and whether a review is needed for insurance, electricity, internet and phone, and includes its own electricity retail service 『マネーフォワード でんき』, whose customers get ME premium free while contracted.",company/provider,company-reported,Japan,2023-06 onward,MF users,Product scope,n/a,R7-S040,2023-06-14,2023-06-14,2026-10-05,PR TIMES via ReseMom 20230614/99501,"Search-tool extract (paraphrase, not verbatim): '保険料、電気代、インターネット代、スマホ代の4つの費目で、年間支出額と想定削減金額、見直しの必要有無を確認'.",Current (2026) status of these services not checked.,2023 release.,H14/C08: the switching and fixed-cost model a startup would expand into is already run by the incumbent that holds the data.,extract_of_secondary,F26-MF-fixedcost,L1;G1,S3
R7-E-G05,"Moneytree Grow, launched on iOS on 2019-08-29, costs ¥360 a month or ¥3,600 a year.",company/provider,company-reported,Japan,2019 onward (price current per 2024-25 extracts),n/a,List price,n/a,R7-S041;R7-S043,2019-08-29,2024-12-25,2026-10-05,Moneytree press release; PR TIMES 2024-12-25,"Search-tool extract (paraphrase, not verbatim): '月額360円または年額3,600円'.",None.,Price after the MUFG acquisition not checked.,G1: the cheapest bank-linked subscription list is ¥360 a month.,extract_of_primary_url,F27-Moneytree-company,G1,S3
R7-E-G06,"Moneytree Grow's 'サブスク一覧' shows, month by month, automatically retrieved subscription payments with amount, payment date and payment method. Whether users can add items manually, whether App Store or carrier-billed charges are covered, and whether any cancellation function exists were not visible. No cancellation function was found.",company/provider,company-reported,Japan,2024-25,Moneytree Grow users,Feature scope (qualitative),n/a,R7-S042;R7-S043,2024-12-25,UNKNOWN,2026-10-05,Moneytree help 9119773 (content not seen); xexeq topics32637,"Search-tool extract (paraphrase, not verbatim): '自動取得されたサブスクサービスの支払い料金、支払日、支払い方法などを月々で表示'.",None.,The help page that would settle manual entry and coverage was located but its content was not extracted.,"Work order §6.2 items 'manual entry', 'cancellation supported', 'platform coverage' and 'adoption' remain UNKNOWN for Moneytree. Detected recurring charges ≠ identified contracts ≠ authority to cancel.",extract_of_secondary,F27-Moneytree-company,C2;L1,S3
R7-E-G07,"MUFG Bank completed its acquisition of Moneytree and made it a consolidated subsidiary on 2025-08-29, as part of its 'emot' digital banking strategy. Moneytree has about 6.5M users.",independent media,reported_unopened,Japan,2025,Moneytree users,Ownership; user count,n/a,R7-S044,2025-12,2025-08-29,2026-10-05,THE BRIDGE 2025-12,"Search-tool extract (paraphrase, not verbatim): 'On August 29, 2025, Mitsubishi UFJ Bank completed the acquisition of Moneytree's stock and made it a consolidated subsidiary'; 'approximately 6.5 million users'.",The MUFG and Moneytree primary releases were not opened.,The user definition is UNKNOWN.,L1/G1/M6: the most natural Japanese B2B2C buyer (a megabank) already owns a PFM with a subscription list and the MT LINK aggregation infrastructure. A startup depending on MT LINK would depend on a competitor-owned pipe.,extract_of_secondary,F28-MUFG-Moneytree,L1;C1;G1,S3
R7-E-G08,"Moneytree's MT LINK API aggregates data from more than 2,700 Japanese financial institutions (banks, cards, e-money, points) and has been provided to 43 companies, including Mizuho Bank, Sumitomo Mitsui Banking Corporation and regional banks.",company/provider,company-reported,Japan,UNKNOWN (likely 2017-2020),Institutions; enterprise clients,Counts,n/a,R7-S045,UNKNOWN,UNKNOWN,2026-10-05,atpress 124752; INITIAL,"Search-tool extract (paraphrase, not verbatim): 'MT LINK provides APIs that aggregate financial data from over 2,700 financial institutions … provided to 43 companies'.","The 2025 extract (R7-E-G07) says 'over 2,500' institutions, so the counts vary by date.",Dated and inconsistent counts.,"C1: a regulated aggregation partner exists, now owned by MUFG (R7-E-G07).",extract_of_secondary,F29-MTLINK,C1,S3
R7-E-G09,"Zaim reports more than 11M downloads and an annual premium plan of ¥4,800. It has a subscription-management function that extracts payment amounts from household-account records and predicts due dates and plans.",company/provider,company-reported,Japan,2025,Downloads (not users),Downloads; price; feature,n/a,R7-S046,2025-07-25,2025,2026-10-05,PR TIMES via ReseMom 20250725/152205,"Search-tool extract (paraphrase, not verbatim): '1,100万ダウンロードを超える家計簿アプリ'; '年プラン4,800円'; '家計簿の記録から自動で支払金額を抽出し、期日や契約プランを予測'.",None.,Downloads ≠ MAU.,A third PFM incumbent already offers J1 tracking.,extract_of_secondary,F30-Zaim,L1,S3
R7-E-G10,"Japanese-market subscription trackers include サブトラ (detects from Gmail payment e-mails; ¥280/month, ¥2,200/year or ¥4,800 one-off), Subcut (reads bank and card statements; markets 'track, manage and cancel'; $1.99/month, $9.99/year, $14.99 lifetime on the US storefront) and Recur (manual entry; about $4 one-off).",independent media,reported_unopened,Japan (blog view); Subcut listing US,2026-08,n/a,Detection method; price,n/a,R7-S047;R7-S048,2026-08-16,2026-08,2026-10-05,vegcale 2026-08-16; App Store id6758765733,"Search-tool extract (paraphrase, not verbatim): 'Gmailの決済メールから拾うタイプ（サブトラ）、銀行・クレジットカード明細を読み込むタイプ（Subcut）'; 'Subcut Pro - LIFETIME $14.99, Yearly $9.99, or Monthly $1.99'.","Subcut's Japanese bank coverage, and whether 'cancel' means more than links, are UNKNOWN.",A blog plus a US listing. No user counts.,G1: standalone tracking is priced at about ¥300 a month or less. A consumer price anchor for C01.,extract_of_secondary,F31-vegcale;F32-Subcut,G1;L1,S3
R7-E-G11,"解約.com, a site built by an individual developer (bannzai), aggregates cancellation methods for many Japanese services with source links (including unofficial ones) and AI summaries, searchable by keyword and category (as of 2023-12-27).",independent media,reported_unopened,Japan,2023-12,n/a,Product scope,n/a,R7-S049,2023-12-27,2023-12-27,2026-10-05,ITmedia NEWS 2312/27,"Search-tool extract (paraphrase, not verbatim): '解約方法やその情報元のリンク(非公式のものも含む)、AIによるその要約などを参照でき'.",Current status and traffic UNKNOWN.,2023 article.,J3/C02: a free cancellation-route guide exists and was built by one person. Guide content is cheap to create (I1/M3).,extract_of_secondary,F33-Kaiyaku-com,A2;I1,S3
R7-E-G12,No Japanese service offering on-behalf cancellation of consumer subscriptions (サブスク解約代行) was found in searches on 2026-10-05.,analyst calculation,unresolved,Japan,As of 2026-10-05,n/a,n/a,n/a,R7-S049,n/a,2026-10-05,2026-10-05,Search 'サブスク 解約代行 サービス 日本 代わりに解約 業者' (2026-10-05),The extract stated that no 解約代行 provider appeared; only 解約.com (a guide) and consumer advisories.,"Absence in one search is weak. Services may exist under other names (e.g. 退会代行, or within 遺品整理 / デジタル遺品 services).",Not found ≠ does not exist.,"The white space is unexplained. Possible explanations, to be discriminated in S5/S8: legal or contract barriers, low demand, or untried.",not_found,F33-Kaiyaku-com,E1;A2,S3
R7-E-G13,"Rocket Companies reported Rocket Money revenue of $390M in 2025, against $297M in 2024, primarily due to growth in paying subscribers. The paying-subscriber count was not visible.",company/provider,company-reported,US,FY2025 vs FY2024,Rocket Money,Revenue (USD),n/a,R7-S050,2026,2025-12-31,2026-10-05,Form 10-K FY2025 (section UNKNOWN),"Search-tool extract (paraphrase, not verbatim): 'Rocket Money revenue was $390 million in 2025, compared to $297 million in 2024 … primarily due to growth in paying subscribers'.",None.,"Revenue includes all products (premium, negotiation and others); the split is UNKNOWN.","Comparator: a scaled precedent exists in the US (+31% YoY, R7-E-G17b). It proves the US model, not Japanese transfer.",extract_of_primary_url,F34-RKT-SEC,G1,S3
R7-E-G14,"Rocket Money revenue grew $42M year on year in H1 2026 ($20M in Q2), associated with growth in paying subscribers.",company/provider,company-reported,US,H1 2026,Rocket Money,Revenue change (USD),n/a,R7-S051,2026,2026-06-30,2026-10-05,Form 10-Q Q2 2026,"Search-tool extract (paraphrase, not verbatim): 'For the six months ended June 30, 2026, there was a $42 million increase in Rocket Money revenue associated with growth in paying subscribers'.",None.,Increments only.,Comparator only.,extract_of_primary_url,F34-RKT-SEC,G1,S3
R7-E-G15,Rocket Companies agreed in December 2021 to acquire Truebill for $1.275B in cash. Truebill then had 2.5M members and was on track for about $100M in annual recurring revenue.,company/provider,company-reported,US,2021,Truebill members,Price; members; ARR,n/a,R7-S052,2021-12-20,2021-12,2026-10-05,Rocket Companies press release 2021-12,"Search-tool extract (paraphrase, not verbatim): 'acquire Truebill … for $1.275 billion in cash'; 'Truebill has 2.5 million members'; 'on track to generate $100 million in annual recurring revenue'.",None.,'Members' definition UNKNOWN.,Comparator: about 12.75x ARR at acquisition (R7-E-G17c).,extract_of_primary_url,F35-RKT-Truebill2021,G1,S3
R7-E-G16,"Rocket Money's fact sheet states more than 10M app users, nearly 2.5M subscriptions cancelled on members' behalf, and over $2.5B saved (negotiated savings after fees, cancellations on an annualised basis and smart-savings deposits).",company/provider,company-reported,US,Cumulative; as-of date UNKNOWN,App users / members,Counts; savings (USD),n/a,R7-S053,UNKNOWN,UNKNOWN,2026-10-05,truebillbrand.notion.site Fast Facts,"Search-tool extract (paraphrase, not verbatim): '10 million+ app users'; 'Nearly 2.5 million subscriptions cancelled on behalf of members'.",An extract also cites '3.4 million members (from earlier data)'.,Cumulative; time base UNKNOWN; self-defined savings.,G2: see the ratio in R7-E-G17.,extract_of_primary_url,F36-RocketMoney-factsheet,G2,S3
R7-E-G17,"Even the scaled US analogue shows low cancellation frequency per user: about 2.5M on-behalf cancellations / about 10M app users = about 0.25 cancellations per user, cumulative (order of magnitude). (b) 2025 revenue growth = 390/297 − 1 = 31.3%. (c) Acquisition multiple = 1,275 / 100 = 12.75x ARR.",analyst calculation,calculated,US,Mixed; see inputs,Rocket Money,Ratios,App users (cumulative); 2024 revenue; ARR,R7-S053;R7-S050;R7-S052,n/a,n/a,2026-10-05,"R7-E-G16, R7-E-G13, R7-E-G15",2.5/10 = 0.25; 390/297 = 1.3131; 1275/100 = 12.75,"If 'app users' includes inactive sign-ups, cancellations per active user are higher.",Mixed time bases and definitions.,"G2/H08: the US precedent's cancellation volume per user is small. Its revenue rests on premium subscriptions and negotiation, not on cancellations alone.",calculated_from_ledger,F34-RKT-SEC;F35-RKT-Truebill2021;F36-RocketMoney-factsheet,G2;G1,S3
R7-E-G18,"Rocket Money's cancellation service has its team contact the merchant. Some cancellations complete the same day, most take 2-10 business days, some merchants need more verification or manual processing, and progress is e-mailed to the user.",company/provider,company-reported,US,Current help pages,Rocket Money users,Process (qualitative); lead time,n/a,R7-S054,UNKNOWN,UNKNOWN,2026-10-05,Help 934410; 4649463; 5032045,"Search-tool extract (paraphrase, not verbatim): 'most cancellations take 2-10 business days'; 'certain merchants require additional verification or manual processing'.",None.,No minutes per case or success rate published.,"F1/D2: the US model is a human-in-the-loop concierge with days of latency, not instant automation.",extract_of_primary_url,F37-RocketMoney-help,F1;D2,S3
R7-E-G19,Rocket Money's terms of service have users grant it a limited power of attorney and authorisation to debit and credit their bank accounts.,independent media,reported_unopened,US,2025-07,Rocket Money users,Contract term (qualitative),n/a,R7-S055,2025-07-15,2025-07,2026-10-05,Atlanta News First 2025-07-15 (ToS itself not opened),"Search-tool extract (paraphrase, not verbatim): 'users grant the company limited power of attorney and authorize it to both debit and credit their bank accounts'.",None.,The ToS wording was not seen.,"E1: the US operating basis is a contractual agency grant. Whether an equivalent grant is effective in Japan, and how providers treat it, is S5's question. US authority does not transfer by default.",extract_of_secondary,F38-ANF-2025,E1,S3
R7-E-G20,"Rocket Money charges 35-60% (chosen by the user) of the first 12 months' savings for a successful bill negotiation, and nothing if unsuccessful. Premium costs $3-12 a month.",independent media,reported_unopened,US,UNKNOWN,n/a,Fee structure,12-month savings,R7-S056,UNKNOWN,UNKNOWN,2026-10-05,Rob Berger review; Rocket Money help 9744474,"Search-tool extract (paraphrase, not verbatim): 'a fee of 35%-60% of your first year's savings'; 'premium subscription options range from $3-$12 per month'.",None.,Secondary and possibly dated.,C06 comparator for S6.,extract_of_secondary,F39-RocketMoney-pricing,G1,S3
R7-E-G21,Rocket Money is not available in Japan. Extracts conflict on whether it serves the US only (Truebill help: US banks) or the US and Canada.,company/provider,unresolved,US/Canada,Current,n/a,Availability,n/a,R7-S057,UNKNOWN,UNKNOWN,2026-10-05,Truebill help 79778; subtracker.io,"Search-tool extract (paraphrase, not verbatim): 'Rocket Money is only available to users located within the United States and have US-based banks'; another extract: 'US and Canadian users'.",See claim.,Conflicting secondary and primary extracts on Canada only.,Not a Japanese competitor. A precedent only.,multiple_extracts,F40-RocketMoney-geo,L1,S3
R7-E-G22,"OneMain Financial agreed on 2021-04-26 to acquire Trim. Afterwards Trim's consumer subscription service ended, and bill negotiation became available only to OneMain loan customers.",company/provider,reported_unopened,US,2021 onward,n/a,Corporate event; product status,n/a,R7-S058,2021-04-26,UNKNOWN,2026-10-05,OneMain 2021 PDF; Clark.com,"Search-tool extract (paraphrase, not verbatim): 'OneMain Financial announced on April 26, 2021 that it had entered into an agreement to acquire Trim'; 'Trim's subscription service has ended and the bill negotiation feature is only available to OneMain's loan customers'.",None.,The post-acquisition status comes from a secondary source.,"L1/I1: the second US precedent ended as a lender's retention feature, not a standalone company.",multiple_extracts,F41-OneMain-Trim,L1;I1,S3
R7-E-G23,"Whatssub (Korea) finds users' subscriptions by scraping and offers one-touch cancellation. It says it can identify 1,365 services (829 subscriptions and 536 fixed living costs), of which 1,213 have easy cancellation. Its CEO said it was reviewing overseas entry. No Japan launch was found.",independent media,reported_unopened,Korea,2021-2023 articles; as-of date of counts UNKNOWN,n/a,Service counts; method,n/a,R7-S059,2021-11-17,UNKNOWN,2026-10-05,asiae 2021-11-17; newstomato; fnnews 2022-05-08,"Search-tool extract (paraphrase, not verbatim): 'automatically finds subscription services in use through a scraping method and helps cancel them with just one touch'; '1,365 … 1,213 of these services offering easy cancellation functions'.",The extracts did not show whether its 'one-touch' cancellation is executed by Whatssub or is a guided user action.,Old figures. The execution model is unclear.,The closest Asian analogue claims broad cancellation coverage. A foreign entrant with an existing playbook is a credible threat if Japan proves attractive. Its absence from Japan is UNEXPLAINED.,extract_of_secondary,F42-Whatssub,L1;D1,S3
R7-E-G24,"Unsub.ai (first released 2026-07-05) tracks subscriptions without bank or e-mail access, provides step-by-step cancellation guides for 30+ services and renewal reminders, and does not act on the user's behalf.",app-store listing,reported_unopened,UNKNOWN (Japan storefront not confirmed),2026,n/a,Feature scope,n/a,R7-S060,2026-07-05,2026-07,2026-10-05,mwm.ai listing mirror,"Search-tool extract (paraphrase, not verbatim): 'step-by-step guides for canceling unwanted subscriptions … without performing actions on their behalf'; 'built-in cancel guides for 30+ services'.",None.,A listing mirror. No adoption data.,A guide-only app costs little to build. App Store availability ≠ adoption.,extract_of_secondary,F43-Unsubai,L1,S3
R7-E-G25,"Visa's Enhanced Subscription Manager (2026) lets issuers give cardholders one place in their banking app to view, manage, switch and cancel recurring payments, with Pinwheel enabling switching and cancellation across 100+ or 150+ merchants (extracts differ), through Visa's Digital Enablement SDK. It is for North American issuers from summer 2026 and Latin America and the Caribbean later. Japan is not mentioned.",company/provider,company-reported,North America (planned LatAm),2026,Visa issuers,Product scope; rollout,n/a,R7-S061,2026,2026,2026-10-05,Visa investor news 2026,"Search-tool extract (paraphrase, not verbatim): 'a single place in their banking apps to view, manage, switch and cancel recurring payments'; 'Pinwheel adds card switching and subscription cancellation across more than 150 merchants'; 'North American issuers in summer 2026'.",The merchant counts are inconsistent (100+ vs 150+).,No Japan plan found.,"L1/C07: networks are productising cancellation for issuers. If brought to Japan, the B2B2C slot is filled by network tooling, and issuers' motive (fewer disputes and chargebacks) is stated.",extract_of_primary_url,F44-Visa-ESM,L1;G1,S3
R7-E-G26,"Mastercard's Subscriptions Control (2023) lets cardholders identify and unsubscribe from recurring payments through their bank's app. Its Smart Subscriptions service, in US testing, uses Finicity open-banking technology and is network-agnostic.",independent media,reported_unopened,US,2023; 2025-12,Mastercard issuers,Product scope,n/a,R7-S062,2025-12,2025-12,2026-10-05,American Banker; Digital Transactions,"Search-tool extract (paraphrase, not verbatim): 'Subscriptions Control enables a way to identify and unsubscribe from recurring payments via a bank's app'.",None.,US only.,Second network following the same pattern (see R7-E-G25).,extract_of_secondary,F45-Mastercard-Subs,L1,S3
R7-E-G27,"ChatGPT's agent mode (preview, on Plus and Pro) can browse, fill forms and complete multi-step tasks. OpenAI advises users to supervise tasks involving purchases or account changes.",independent media,reported_unopened,Global (Japan availability UNKNOWN),2026,n/a,Capability (qualitative),n/a,R7-S063,2026,2026,2026-10-05,usecarly blog,"Search-tool extract (paraphrase, not verbatim): 'Agent mode lets ChatGPT browse the web, fill forms, and complete multi-step tasks'; 'OpenAI tells you to watch it — especially on anything involving purchases or account changes'.",None.,Low-reliability secondary.,"L1/C03: a general agent the user already pays for can drive a web cancellation flow inside the user's own session. That commoditises 'AI-assisted navigation' (C03), though not phone, in-person or written routes.",extract_of_secondary,F46-OpenAI-agent,L1,S3
R7-E-G28,"Amazon.co.jp lets users view and cancel Amazon-billed subscriptions under 'メンバーシップおよび購読'. Prime Video channels can be cancelled only via a web browser, not in the shopping or Prime Video apps.",independent media,reported_unopened,Japan,UNKNOWN,Amazon customers,Feature scope,n/a,R7-S065,UNKNOWN,UNKNOWN,2026-10-05,Appllio; assist-all,"Search-tool extract (paraphrase, not verbatim): '解約手続きはAmazonショッピングアプリおよびAmazonプライムビデオアプリではおこなえず…ブラウザ'; 'Amazonサブスクリプション一覧から利用中のサブスクリプションを簡単に確認・解約'.",None.,Secondary how-to.,B1: the Amazon rail has its own free list and cancel surface.,extract_of_secondary,F48-Amazon-howto,B1,S3
R7-E-G29,"On iPhone, App Store subscriptions are cancelled by the user in Settings → [Apple ID] → Subscriptions → Cancel Subscription. Deleting the app does not cancel.",independent media,reported_unopened,Japan,2024,iPhone users,Procedure,n/a,R7-S064,2024-05,2024,2026-10-05,Lifehacker Japan 2405,"Search-tool extract (paraphrase, not verbatim): 'open Settings, tap your account name (Apple ID), select ""Subscriptions,"" choose the content you want to cancel, tap ""Cancel Subscription""'.",None.,Secondary.,"B1: a free, short, user-run route on the Apple rail.",extract_of_secondary,F47-AppStore-howto,B1,S3
R7-E-G30,"Japan's Mobile Software Competition Act took full effect on 2025-12-18. Apple, iTunes KK and Google are designated, and app payments outside the App Store and Google Play billing are allowed.",independent media,reported_unopened,Japan,From 2025-12-18,Designated platforms,Legal change (qualitative),n/a,R7-S067,2025-07/2025-12,2025-12-18,2026-10-05,Business Insider Japan 2507; 契約ウォッチ,"Search-tool extract (paraphrase, not verbatim): '2025年12月18日に全面施行'; 'アプリストアを介さない決済方法の提供が可能'; 'Apple、iTunes株式会社、Googleの3社が指定事業者'.",Uptake of alternative billing by subscription apps is UNKNOWN.,Law text not opened.,"K1/B1 (inference, direction only): subscriptions that move from platform billing (with a central cancel list) to direct billing (no central list) would enlarge the fragmented rails. Magnitude UNKNOWN.",extract_of_secondary,F50-MSCA,K1;B1,S3
R7-E-D01,The Gmail API's gmail.readonly is a restricted scope. An app that stores or transmits restricted-scope data through a server must pass an annual CASA Tier 2 security assessment by a Google-approved assessor (about $500 a year per one secondary source).,independent media,reported_unopened,Global,2026,Third-party Gmail apps,Policy requirement; cost,n/a,R7-S066,2026,2026,2026-10-05,Nylas docs; EmailEngine docs,"Search-tool extract (paraphrase, not verbatim): 'If your app stores or transmits restricted scope data on a server, Google's policy requires an annual security assessment'; '(~$500/yr)'.","サブトラ operates a Gmail-based detector (R7-E-G10), so the hurdle is passable for small apps.",Third-party documentation. Google's pages not opened. The cost excludes remediation.,C1: e-mail-based detection is permitted but gated by annual security review and a privacy burden. It is the main second channel for platform-billed receipts.,extract_of_secondary,F49-Gmail-CASA,C1;E3,S3
R7-E-D02,"No API or permitted channel was found through which a third party can read a user's App Store, Google Play or carrier-billing subscription list.",analyst calculation,unresolved,Japan,As of 2026-10-05,n/a,n/a,n/a,R7-S032;R7-S033;R7-S029,n/a,2026-10-05,2026-10-05,Developer-doc and carrier-help extracts,The developer APIs found are merchant-side (R7-E-B03). The carrier lists are inside each user's portal (R7-E-B02).,Not exhaustively searched.,No path found ≠ prohibition.,"C1: for these rails, detection depends on the user (screenshot or entry) or on receipt e-mails.",not_found,F17-Carrier-billing-help;F19-GooglePlay-devdocs;F20-Apple-devcancel,C1,S3
R7-E-D03,"For card and bank rails, subscription detection is already provided by Money Forward ME (17.3M users; premium ¥540/month) and Moneytree (about 6.5M users; Grow ¥360/month; MUFG-owned). For the App Store, Google Play, Amazon and carrier rails, the platforms' own free lists already show the user's subscriptions. A new entrant therefore has no detection advantage on any rail.",analyst calculation,inference,Japan,2026,n/a,Qualitative synthesis,n/a,R7-S038;R7-S039;R7-S042;R7-S044;R7-S029;R7-S064;R7-S065,n/a,n/a,2026-10-05,"R7-E-G01, G03, G05-G07, B02, G28, G29",Synthesis of the cited claims.,"Incumbents' detection accuracy and coverage of long-tail merchants are UNKNOWN. A startup could still out-normalise descriptors (M2), but MF and Moneytree hold larger datasets.",Inference. Accuracy was not measured.,Stop condition 7 (partial): detection (C01) is not a wedge. Any advantage must come from execution and verification (J4/J5) on the fragmented rails.,calculated_from_ledger,F17-Carrier-billing-help;F24-MF-help;F25-MF-IR;F27-Moneytree-company;F28-MUFG-Moneytree;F47-AppStore-howto;F48-Amazon-howto,C2;L1;I1,S3
R7-E-C01,"Netflix (Japan) can be cancelled at any time without a penalty and remains viewable until the day before the next renewal date, with no refund. Card-billed members cancel on netflix.com after signing in, not in the app. au-plan, Google Play, iTunes and Amazon Fire TV billing each cancel on that platform.",independent media,reported_unopened,Japan,2025-26 how-tos,Netflix members,Procedure; fee; access after cancel,n/a,R7-S068,UNKNOWN,UNKNOWN,2026-10-05,selectra / luft Netflix 解約,"Search-tool extract (paraphrase, not verbatim): 'Netflixはいつでも解約でき、違約金はかかりません'; 'Netflixのアプリ内からは解約ができず'; 'クレジットカード・au・SoftBank・Google Play・iTunes・Amazon Fire TVの6種類'.",None.,Secondary. Netflix help not opened.,"Route B (user-authenticated web flow). One provider has six billing routes, so the route depends on the billing rail, not the brand (D1).",extract_of_secondary,F51-Netflix-howto,D1;D2,S4
R7-E-C02,"U-NEXT distinguishes 解約 (stops the monthly plan; the account remains) from 退会 (deletes the account). Card, carrier-billing and Rakuten Pay subscribers cancel on the U-NEXT website (mobile browser allowed). Google Play and Apple subscribers cancel on those platforms.",independent media,reported_unopened,Japan,UNKNOWN,U-NEXT members,Procedure,n/a,R7-S069,UNKNOWN,UNKNOWN,2026-10-05,appllio unext-how-to-cancel-and-notes,"Search-tool extract (paraphrase, not verbatim): '解約は月額停止でアカウントが残り、退会はアカウント完全削除'; 'クレジットカード、キャリア決済、楽天ペイはU-NEXTのウェブサイトから解約'.",None.,Secondary.,"Route B. 'Cancelled' and 'withdrawn' are different end states, so the state model must not treat account deletion as cancellation, or the reverse.",extract_of_secondary,F52-UNEXT-howto,D1;F1,S4
R7-E-C03,"Amazon Prime can be cancelled on the web, in the app, or by phone or chat. Refunds for unused periods are calculated automatically from benefit usage.",independent media,reported_unopened,Japan,2023-10,Prime members,Channels; refund rule,n/a,R7-S070,2023-10-10,2023,2026-10-05,BCN+R stk20231010_369231,"Search-tool extract (paraphrase, not verbatim): 'AmazonのWebサイトやアプリ、電話・チャットで解約できます'; '会員期間中にAmazonプライム特典を利用した頻度によって…自動で算出'.",None.,2023 article.,"Route B. Phone and chat channels exist, but whether Amazon accepts a third-party caller is UNKNOWN. A refund calculation is part of the end state.",extract_of_secondary,F53-AmazonPrime-howto,D2,S4
R7-E-C04,"Disney+ subscribed through docomo is cancelled in My docomo: log in, enter the network PIN, then about eight steps including choosing where the acceptance e-mail goes. Service stops immediately, with no refund. Disney+ subscribed directly is cancelled at My page → Account → Subscription management → Cancel, and stays viewable to the end of the period.",independent media,reported_unopened,Japan,UNKNOWN,Disney+ subscribers,Steps; effective date,n/a,R7-S071,UNKNOWN,UNKNOWN,2026-10-05,CINEMA TODAY disney-plus-cancellation,"Search-tool extract (paraphrase, not verbatim): 'My docomoにログイン→ネットワーク暗証番号を入力→…→「この内容で手続きを完了する」'; 'ドコモ(dアカウント)経由の場合、解約手続きが完了した瞬間にサービスが停止'.",None.,Secondary.,"Route B with re-authentication (network PIN) on the carrier route. The same brand has a different effective date by rail, so the 'cancellation effective' date must be rail-specific (F1).",extract_of_secondary,F54-DisneyPlus-howto,D2;F1,S4
R7-E-C05,"DAZN's annual plan paid monthly is a 12-month contract. Cancelling stops the next auto-renewal, but monthly payments continue until the term ends, and nothing is refunded for mid-term cancellation. Apple- and Google-billed DAZN is managed on those platforms.",company/provider,company-reported,Japan,UNKNOWN,DAZN subscribers,Term; payment after cancel,n/a,R7-S072,UNKNOWN,UNKNOWN,2026-10-05,DAZN help 16194539395613,"Search-tool extract (paraphrase, not verbatim): '年間プラン(月払い)は12か月契約で、契約期間終了まで毎月お支払いが発生'; '残りの期間分の料金は返金されません'.",None.,The help page was not opened.,"F1/J5: a case where cancellation is accepted but charges legitimately continue. 'Charges did not stop' is not a failure here, so verification needs contract-term knowledge.",extract_of_primary_url,F55-DAZN-help,F1,S4
R7-E-C06,"Spotify Premium cannot be cancelled in the app. Users cancel at spotify.com/account in a browser, in iPhone or Google Play settings, or on the carrier's account page (My docomo, My au, My SoftBank) if billed through a carrier. After cancelling, the account reverts to Spotify Free.",company/provider,company-reported,Japan,UNKNOWN,Spotify Premium users,Channels; end state,n/a,R7-S073,UNKNOWN,UNKNOWN,2026-10-05,support.spotify.com/jp/article/how-to-cancel-subscription,"Search-tool extract (paraphrase, not verbatim): 'Spotify cannot be canceled from the app'; 'Mobile Carriers (NTT Docomo, au, SoftBank): Cancel through each carrier's account page'.",None.,Combined with secondary extracts.,Route B. Five rails for one brand (D1).,extract_of_primary_url,F56-Spotify-help,D1,S4
R7-E-C07,"YouTube Premium bought through the App Store is cancelled in Apple settings. When billed by Google, it is cancelled at youtube.com/paid_memberships ('deactivate'), from a non-iOS device or computer. Benefits continue to the end of the billing period.",independent media,reported_unopened,Japan,UNKNOWN,YouTube Premium users,Channels,n/a,R7-S074,UNKNOWN,UNKNOWN,2026-10-05,resubs ja how-to-cancel-youtube-premium,"Search-tool extract (paraphrase, not verbatim): 'App Store から購読した場合は、Apple の設定からキャンセル'; 'youtube.com/paid_memberships にアクセス…非アクティブ化'.",None.,Third-party guide.,Route B.,extract_of_secondary,F57-YouTube-howto,D1,S4
R7-E-C08,"In Japan, Adobe Creative Cloud's annual plan paid monthly carries an early-cancellation fee of 50% of the remaining contract charges. Monthly plans can be cancelled without a penalty. Secondary sources describe refund and fee-free windows around the order and renewal dates (14 days; 30 days before renewal), but these were not confirmed.",community/forum,reported_unopened,Japan,UNKNOWN,Adobe CC subscribers,Fee rule,Remaining contract charges,R7-S075,UNKNOWN,UNKNOWN,2026-10-05,assist-all; Adobe Community JP,"Search-tool extract (paraphrase, not verbatim): 'mid-contract cancellation incurs a penalty fee equal to 50% of the remaining contract period's charges'.",The window rules differ between extracts.,Adobe's terms not opened.,Route B with an early-termination cost. The agent must surface the fee before acting (an informed-consent step).,extract_of_secondary,F58-Adobe-JP,D2;E2,S4
R7-E-C09,One user-review source says that cancelling 日経電子版 mid-month is billed for the full month. The channel and steps were not found.,community/forum,unresolved,Japan,UNKNOWN,Nikkei digital subscribers,Billing on mid-month cancel,n/a,R7-S076,UNKNOWN,UNKNOWN,2026-10-05,mineo review page,"Search-tool extract (paraphrase, not verbatim): '日経電子版で月の途中に解約した場合、1ヶ月分の月額料金が請求される'.",None.,"Weak, single source.",Route class E (unresolved) pending data.,extract_of_secondary,F59-Nikkei-weak,D2,S4
R7-E-C10,"Since 2025-03-24, docomo mobile lines can be cancelled online in My docomo ('ドコモオンライン手続き', dアカウント required), as well as in shops and by phone. Proxies need a power of attorney (委任状) and both parties' ID; oral claims of authorisation are not accepted. For individual contracts, proxies are limited to the contract holder's family. The online shop is in principle for the contract holder only.",company/provider,reported_unopened,Japan,2025,docomo individual contracts,Channels; proxy rule,n/a,R7-S077,2025,2025-03-24,2026-10-05,docomo consent_form; assist-all; mobareco,"Search-tool extract (paraphrase, not verbatim): '2025年3月24日より…解約手続きがWeb上でも行えるようになりました'; 'For individual contracts … proxy authorization is limited to family members of the contract holder'; 'oral claims of family or friend authorization are not accepted'.",The family-only rule came through a combined extract and is not quoted from docomo's page.,Decision-critical. It must be verified on docomo's page before use in any operating design.,"E1/D2: for the largest carrier, a commercial (non-family) agent cannot act as proxy for an individual contract. Route D for a startup concierge, with family-assisted handoff as the only proxy path. The point is UNRESOLVED until docomo's page is opened.",multiple_extracts,F60-docomo-proxy,E1;D2,S4
R7-E-C11,"SoftBank 光 can be cancelled only by phone (not in My SoftBank or in shops). The early-termination fee for the 2-year auto-renewing plan is ¥10,450 for contracts up to 2022-06-30, and one month's base fee for contracts from 2022-07-01. It is waived in the renewal (24th) month. Remaining instalments for installation are due on cancellation.",independent media,reported_unopened,Japan,2025-26,SoftBank 光 subscribers,Channel; fee,n/a,R7-S078,UNKNOWN,UNKNOWN,2026-10-05,selectra softbank-cancellation,"Search-tool extract (paraphrase, not verbatim): 'ソフトバンク光の解約は電話でのみ可能で、「My Softbank」やソフトバンクショップ店頭では解約できません'; '2022年7月1日以降の契約は基本料金1ヶ月分'.",None.,Secondary. Whether a third party may make the call is UNKNOWN.,"A phone-only route with a fee window. Candidate route C if third-party callers are accepted, otherwise D. Currently E.",extract_of_secondary,F61-SBHikari-howto,D2;E1,S4
R7-E-C12,"dアニメストア can be cancelled on its site after logging in with dアカウント (about five steps; takes effect immediately) or in My docomo. It has six cancellation windows depending on the sign-up route: official site, app, Amazon Prime Video channel, ニコニコ branch, docomo and phone.",company/provider,reported_unopened,Japan,UNKNOWN,dアニメストア subscribers,Steps; windows,n/a,R7-S079,UNKNOWN,UNKNOWN,2026-10-05,docomo ichioshi 510888; usedoor,"Search-tool extract (paraphrase, not verbatim): '完了画面が表示されたら解約は即時反映'; '公式サイト・スマホアプリ・Amazonプライム・ニコニコ支店・ドコモ・電話と【6種類】もの解約窓口'.",None.,Mixed company and secondary.,Route B. Identity resolution (which of six channels holds the contract) is itself the hard part (D1).,multiple_extracts,F62-dAnime,D1;C1,S4
R7-E-C13,"chocoZAP offers 退会 (account unusable immediately), 解約 (use continues to month-end if requested by the 10th) and 休会 (suspension), through the app. Cancellations requested after the 10th roll into the next month. No refunds.",independent media,reported_unopened,Japan,UNKNOWN,chocoZAP members,Options; deadline,n/a,R7-S080,UNKNOWN,UNKNOWN,2026-10-05,assist-all chocozap-suspension-guide (citing the official FAQ),"Search-tool extract (paraphrase, not verbatim): 'the deadline is the 10th of each month'; 'no refunds'.",None.,Secondary.,"Route B (app). A physical membership with app cancellation. Deadline-timing value exists but is a reminder job (J1), not execution.",extract_of_secondary,F63-chocoZAP-howto,D2,S4
R7-E-C14,"コナミスポーツクラブ: full membership termination must be done in person at the club's front desk. Phone, the online member service and mail are not accepted. Plan or course changes can be made online.",independent media,reported_unopened,Japan,2026,Konami Sports members,Channel,n/a,R7-S081,2026,UNKNOWN,2026-10-05,subger konami-sports; Konami member_service,"Search-tool extract (paraphrase, not verbatim): 'Complete membership termination must be done in-person at the facility front desk; phone, online Member Service, and mail are not accepted'.",None.,Secondary (English aggregator). Whether a proxy may attend is UNKNOWN.,"Route D (in person) unless proxy attendance is accepted (UNKNOWN), so E for a concierge.",extract_of_secondary,F64-Konami,D2;E1,S4
R7-E-C15,"Oisix distinguishes 解約 (ending the subscription) from キャンセル (skipping the next box). Skips must be made by 23:59 the day before the next delivery, through My page or the app, and are not accepted over the year-end period. Users report the 解約 procedure is hard to understand. The 解約 channel itself was not established.",independent media,reported_unopened,Japan,UNKNOWN,Oisix subscribers,Options; deadline,n/a,R7-S082,UNKNOWN,UNKNOWN,2026-10-05,app-tatsujin 104543; minhyo,"Search-tool extract (paraphrase, not verbatim): '「解約」（永久的な利用停止）と「キャンセル」（次回配達のみ停止）'; '次回配送日の前日23:59まで'.",None.,Secondary.,"Skip, pause and cancel are distinct end states (F1). Cancel channel UNKNOWN, so route class E.",extract_of_secondary,F65-Oisix,F1,S4
R7-E-C16,"User reviews state that withdrawing from 進研ゼミ requires a phone call, that callers are asked for reasons and offered retention material, that the line is hard to reach, and that some paid an extra month as a result.",community/forum,reported_unopened,Japan,UNKNOWN,Review writers,Qualitative,n/a,R7-S083,UNKNOWN,UNKNOWN,2026-10-05,minhyo benesse-zemi,"Search-tool extract (paraphrase, not verbatim): '退会手続きは全て電話で行う必要がある'; '電話が繋がりにくく、1ヶ月分余分にお金を払うことになる場合もあります'.","Benesse's 2026 guide PDF was located but not extracted, so the current policy may differ.",User reviews; low reliability.,"A candidate J4 phone-and-retention route with deadline loss. Concierge value is plausible here, if a third-party caller (or a parent as account holder) is accepted. E pending.",extract_of_secondary,F66-Shinken-reviews,A1;D2,S4
R7-E-C17,"スタディサプリ's individual-service stop procedure differs by payment method. Card and convenience-store payment are stopped in its web support, and App Store payment must be stopped in Apple settings as well.",company/provider,company-reported,Japan,2025,スタディサプリ users,Procedure,n/a,R7-S084,2025,2025,2026-10-05,2025 student manual (school copy),"Search-tool extract (paraphrase, not verbatim): 'クレジットカード・コンビニ決済の場合と、App Store決済の場合で利用停止の手順が異なります'.",None.,The manual is a school copy and may cover corporate-paid accounts differently.,"Route B. 'Stopping use' and 'stopping App Store billing' are separate actions, a J5 trap.",extract_of_primary_url,F67-StudySapuri,F1,S4
R7-E-C18,"The NHK reception contract can be cancelled only when all receivers are disposed of, the household ceases or merges, or (for the online contract) streaming viewing stops. Except for household merges, cancellation requires a phone call to the NHK contact centre, followed by mailed forms. Proof of disposal (recycling ticket, receipt) helps.",independent media,reported_unopened,Japan,2026-09,NHK contract holders,Conditions; channel,n/a,R7-S085,2026-09-14,2026-09,2026-10-05,vegcale nhk-jushin-keiyaku-kaiyaku,"Search-tool extract (paraphrase, not verbatim): 'NHK受信契約を解約できるのは「受信機をすべて手放す」か「世帯が変わる」ときだけ'; 'NHKふれあいセンター(営業)への電話連絡が必要…郵送される解約書類に記入して返送'.",None.,Secondary.,"A quasi-statutory contract where cancellation is conditional, not a free choice. Route D or E. Out of first-test scope.",extract_of_secondary,F68-NHK-howto,D2,S4
R7-E-C19,"かんぽ生命 accepts procedures, including cancellation, through a 委任代理人. This requires the agent's address, name and relationship to the policyholder, a 委任状 written by the policyholder, the policyholder's intent-confirmation document and the agent's ID. The insurer may phone the policyholder to confirm intent, and may refuse incomplete forms.",company/provider,company-reported,Japan,Current,Policyholders,Proxy procedure,n/a,R7-S086,UNKNOWN,UNKNOWN,2026-10-05,jp-life procedure/agent,"Search-tool extract (paraphrase, not verbatim): '委任代理人の住所、氏名および委任者からみた続柄が必要'; '委任の意思確認のため、保険契約者さまへ電話連絡等をさせていただく場合があります'.",Whether a non-relative company can be the agent is not stated in the extract.,"Regulated product, excluded from the first test.","Evidence that formal written agency routes exist in regulated sectors, but with heavy documents and principal re-confirmation, so the cost of route C is high.",extract_of_primary_url,F69-JPLife,E1;D2,S4
R7-E-C20,"When switching electricity retailer at the same address, the new retailer cancels the old contract on the customer's behalf, based on the customer's consent. The customer does not contact the old retailer, and there is no fee.",independent media,reported_unopened,Japan,Current,Electricity customers,Process,n/a,R7-S087,UNKNOWN,UNKNOWN,2026-10-05,selectra switching process,"Search-tool extract (paraphrase, not verbatim): '契約していた地域の電力会社への解約手続きは契約者の同意に基づいて、切り替え先の電力会社に代行してもらえます'.",None.,Secondary. The switching-system rules (OCCTO) were not opened.,"Architecture: cancellation embedded in switching, executed by the gaining provider, which has the incentive. This is an established on-behalf model, but the agent is the new supplier, not a neutral cancel service (C08 evidence).",extract_of_secondary,F70-Power-switching,D1;E1,S4
R7-E-C21,"Since 2023-05-24, MNP one-stop (docomo, KDDI/Okinawa Cellular, SoftBank, Rakuten Mobile, Japan Communications) lets users switch mobile carrier by applying to the new carrier and then consenting in the old carrier's My page, without obtaining a porting number. It is online only; shops still use porting numbers.",company/provider,company-reported,Japan,From 2023-05-24,Mobile subscribers,Process,n/a,R7-S088,2023-05-19,2023-05-24,2026-10-05,SoftBank press release 20230519_01; BCN,"Search-tool extract (paraphrase, not verbatim): '転入先のMNP新規申し込み画面で必要情報を入力し、転出元事業者を選択した後、転出元事業者のマイページにログインして転出に同意'.",None.,"Porting ends the old line's service. Whether ancillary contracts (fibre bundles, options) end automatically is UNKNOWN.",Architecture: an industry-built route B (user-authenticated consent handoff) embedded in switching. The incumbents built the handoff themselves.,multiple_extracts,F71-MNP-onestop,D1,S4
R7-E-C22,Netflix's terms limit account use to one household. Notices to Japanese users sharing outside the household began in July 2023.,independent media,reported_unopened,Japan,2023,Netflix members,Contract term (qualitative),n/a,R7-S089,2023-07,2023-07,2026-10-05,Impress Watch 1517878,"Search-tool extract (paraphrase, not verbatim): '2023年7月には、Netflixは同一世帯に居住していない人とアカウントを共有している日本のユーザーに対し…メールを配信開始'.","The terms do not, on this evidence, address an agent logging in to cancel.",Secondary.,E1 (provider contract): a third party logging in with the member's credentials sits uneasily with household-only terms. Whether that bars a one-off cancellation login is UNRESOLVED (S5).,extract_of_secondary,F72-Netflix-household,E1,S4
R7-E-C23,U-NEXT's terms restrict ID and password use to the member and require reporting third-party use. The family account is for household members.,company/provider,company-reported,Japan,Version UNKNOWN,U-NEXT members,Contract term (qualitative),n/a,R7-S090,UNKNOWN,UNKNOWN,2026-10-05,U-NEXT terms (Law Insider copy),"Search-tool extract (paraphrase, not verbatim): 'U-NEXT's terms of service restrict ID and password usage to the account holder (会員本人), and sharing credentials with third parties is prohibited'.",None.,A third-party copy of uncertain date.,E1 (provider contract): credential-based execution by a startup conflicts with the terms. Route B (the user logs in) is the compliant pattern.,extract_of_secondary,F73-UNEXT-terms,E1,S4
R7-E-C24,"Across the 22 sampled routes (route matrix RM01-RM22), no route was found through which a third party can cancel a consumer subscription by a documented machine path (class A). The sample was chosen by category and usage evidence and is not a random draw.",analyst calculation,calculated,Japan,As of 2026-10-05,22 sampled routes,Count by route class,22 sampled routes (not a population),R7-S068;R7-S077;R7-S086,n/a,2026-10-05,2026-10-05,04_CANCELLATION_ROUTE_MATRIX.csv route_class column,Computed by model/build_registers.py from the route matrix.,"Gaining-provider routes (electricity switching, MNP one-stop) are documented paths, but for the gaining provider, not for a neutral agent.",Purposive sample. The counts are not shares of the market.,"D2: the reusable architectures are user-run web/app flows (B) and human-channel routes (phone, in person, written) whose third-party acceptance is unresolved (E). Shares of the sample are not shares of the market.",calculated_from_ledger,F51-Netflix-howto;F60-docomo-proxy;F69-JPLife,D1;D2,S4
R7-E-E01,"Under the Civil Code (Art. 99), a declaration an agent makes within their authority, showing it is for the principal, takes effect directly for the principal. Textbook doctrine distinguishes an agent (代理人, who decides) from a messenger (使者, who conveys or expresses the principal's own decision and needs no legal capacity). Authority may be granted through a mandate contract (委任, Art. 643).",independent media,reported_unopened,Japan,Current law,n/a,Legal doctrine (qualitative),n/a,R7-S098,UNKNOWN,n/a,2026-10-05,Wikibooks 民法第99条; Crear commentary,"Search-tool extract (paraphrase, not verbatim): '代理では代理人が意思決定者となるのに対し、使者では本人が意思決定者となる'; '委任契約（643条）のように明確に契約に基づいて代理権が授与される場合'.",None.,Textbook summary. e-Gov text not opened. Whether a provider must accept either form is a separate question.,E1: the operating design most consistent with the 退職代行 boundary is a messenger conveying the user's own final decision. Whether that suffices against each provider is for counsel (E5).,extract_of_secondary,F81-Civil-agency,E1,S5
R7-E-E02,"Practitioner commentary on resignation agencies (退職代行) holds that a non-lawyer business which only conveys the employee's own decision to resign acts as a messenger and does not breach Attorney Act Art. 72. Negotiating paid leave, unpaid wages or terms is non-lawyer legal practice. Penalty: up to 2 years' imprisonment or a ¥3M fine.",independent media,reported_unopened,Japan,2025-26 commentary,n/a,Legal boundary (qualitative),n/a,R7-S091,2026,n/a,2026-10-05,LegalOn resignation-agency; bengo4 n_19528; Money Forward contract basic 222,"Search-tool extract (paraphrase, not verbatim): 'Simply delivering a resignation notice prepared by the client to the employer, acting as a messenger, would not constitute non-attorney practice'; 'engaging in negotiation over paid leave or unpaid wages constitutes non-attorney practice'.","Commentary, not a court ruling. Resignation is a unilateral right of the employee. Some subscription cancellations depend on terms, fees and deadlines that invite back-and-forth.",An analogy only. Consumer cancellation was not addressed by these sources.,"E1/E2: conveyance only; no negotiation, no fee or refund disputes, no retention bargaining. C06 (negotiation) and J6 sit on the wrong side of the analogy.",extract_of_secondary,F74-Taishoku-72,E1;E2,S5
R7-E-E03,"In late October 2025, Tokyo police searched Albatross Inc., operator of the resignation agency 'モームリ' (¥22,000 per full-time case), on suspicion of Attorney Act violations linked to referring clients to lawyers for fees. Its former representative and his wife were arrested in February 2026 and indicted on 2026-02-24 (非弁提携).",independent media,reported_unopened,Japan,2025-10 to 2026-02,n/a,Enforcement event,n/a,R7-S092,2025-10 / 2026-02,2026-02-24,2026-10-05,President Online 105305; Business Journal 391807,"Search-tool extract (paraphrase, not verbatim): 'suspected of receiving compensation from clients seeking to retire and earning referral fees by introducing clients to attorneys'; 'indicted on the charge of violating the Attorneys Act on February 24, 2026'.","Charges, not a conviction.",Media reports.,"E2: enforcement risk in the closest analogue industry is current. A cancellation service must not take referral fees from lawyers for dispute cases (J6) and must refer disputes only to free channels (188) or unpaid listings, pending counsel.",extract_of_secondary,F75-Momuri,E2,S5
R7-E-E04,"Whether Art. 72's 'other general legal matters' requires a dispute or doubt (事件性必要説) is contested in doctrine. The Supreme Court (1971-07-14) described the article's purpose as barring non-lawyers from intervening, for remuneration and as a business, in legal matters. A mandate contract breaching Art. 72 is void under Civil Code Art. 90 (Supreme Court 1963-06-13).",independent media,reported_unopened,Japan,Doctrine,n/a,Legal doctrine (qualitative),n/a,R7-S093,UNKNOWN,n/a,2026-10-05,Wikibooks 弁護士法第72条; Miyake PDF (2026-08),"Search-tool extract (paraphrase, not verbatim): '事件性必要説と事件性不要説…見解が分かれています'; '弁護士法72条本文前段に抵触する委任契約は、民法第90条に照して無効'.",See R7-E-E05 (MOJ guideline applies an 事件性 test in one context).,Judgments not opened.,"E1: undisputed cancellations may fall outside Art. 72, but this is unsettled. If they do not, customer contracts could be void, which is also an economic risk (refunds).",extract_of_secondary,F76-Art72-doctrine,E1,S5
R7-E-E05,"MOJ's 2023-08-01 guidance on AI contract-review services states that a service risks breaching Art. 72 only if it is for remuneration, involves a matter with 事件性, and handles legal affairs requiring legal expertise. Ordinary contracts without a dispute were treated as lacking 事件性.",government/regulator,reported_unopened,Japan,2023-08-01,n/a,Regulatory guidance (qualitative),n/a,R7-S094,2023-08-01,2023-08-01,2026-10-05,MOJ guidance (via LegalOn news 22; freee; DocuSign),"Search-tool extract (paraphrase, not verbatim): '報酬目的・事件性・法律の専門知識に基づく法律事務という3要件をすべて満たす場合に、非弁行為にあたる可能性'; '事件性のない一般的な契約などは非弁行為にあたらない'.","The guidance addresses contract-review tools, not agents who act toward a counterparty.",Context-specific. Not opened.,"E1: the most recent official reasoning supports a narrow, undisputed-cancellation boundary, but it does not cover acting toward a provider. A counsel question, not a green light.",extract_of_secondary,F77-MOJ-AI72,E1,S5
R7-E-E06,"The amended Specified Commercial Transactions Act (in force 2022-06-01) requires mail-order final confirmation screens for recurring purchases to show quantity, price, payment timing and method, delivery timing, application period, and withdrawal and cancellation terms (Art. 12-6). It prohibits misleading displays and prohibits misrepresentation intended to obstruct withdrawal or cancellation.",independent media,reported_unopened,Japan,From 2022-06-01,Mail-order sellers,Legal duty (qualitative),n/a,R7-S095,2022,2022-06-01,2026-10-05,Netshop 9750; 創業手帳,"Search-tool extract (paraphrase, not verbatim): '定期購入契約における最終確認画面への6項目の表示義務(法第12条の6)'; '撤回・解約を妨げるために、事業者が事実と異なることを告げる行為も禁止'.","Consultations stayed at 80-98k a year after 2022 (R7-E-A04), so enforcement has not removed the friction.",Statute not opened.,"K1: legal tools for 定期購入 already exist. Asserting statutory rights (e.g. rescission for misleading screens) is a legal claim (J6), outside a messenger model.",extract_of_secondary,F78-SCTA-2022,K1;E2,S5
R7-E-E07,Consumer Contract Act Art. 9 voids cancellation charges above the 'average damages' for that type of contract. Amendments in force from 2023-06-01 added an effort duty to explain the basis of cancellation fees.,independent media,reported_unopened,Japan,From 2023-06-01,Consumer contracts,Legal rule (qualitative),n/a,R7-S096,2023,2023-06-01,2026-10-05,契約ウォッチ syohisyakeiyakuhou-2023; Daylight law,"Search-tool extract (paraphrase, not verbatim): 'conditions that require damages for contract cancellation are invalid if … exceeds the average damages'; 'effort obligations for explaining cancellation fees'.",None.,Statute not opened.,"E2: contesting a fee is a legal dispute (J6). The service can show the fee and its stated basis, but not argue it.",extract_of_secondary,F79-CCA-2023,E2,S5
R7-E-E08,"The amended Telecommunications Business Act Art. 27-3 (in force 2019-10-01) capped mobile fixed-term contracts at 2 years and early-termination charges at ¥1,000. From 2022-07-01, fixed-line early-termination charges were capped at about one month's service fee.",independent media,reported_unopened,Japan,2019-10 / 2022-07,Telecom contracts,Fee caps,n/a,R7-S097,2021-11 / 2022-06,2022-07-01,2026-10-05,ITmedia 2111/09; SB Biz; MIC PDFs,"Search-tool extract (paraphrase, not verbatim): '期間拘束契約の期間の上限は2年、違約金の上限は1,000円'; '解約違約金の上限を利用料金の1ヵ月相当を超える請求をしてはならない'.","Legacy contracts (e.g. SoftBank 光 contracts to 2022-06-30 at ¥10,450, R7-E-C11) may sit outside the cap.",Secondary.,"G1/C06: regulation already compresses telco exit costs, so the money at stake in telco cancellation and negotiation is small. That weakens the C06 value pool.",extract_of_secondary,F80-TBA-ETF,G1;K1,S5
R7-E-E09,"Under the 2018 Banking Act amendments, businesses that access users' bank accounts to provide account information or payment instructions (電子決済等代行業) must register with the FSA and contract with the banks. Reference (参照系) APIs became available at nearly all banks around 2020. Card-company data links, by contrast, have mostly remained screen-scraping, with no standard card API.",government/regulator,reported_unopened,Japan,2018-2022,Account-information services,Regulatory regime; technical state,n/a,R7-S099;R7-S100,UNKNOWN,UNKNOWN,2026-10-05,CAS data4_siryou7; METI credit_card_api 001_06,"Search-tool extract (paraphrase, not verbatim): 'A registration system was introduced for electronic payment agency businesses when the revised Banking Law was enacted in June 2018'; 'クレジットカードのデータ連携については、大手のほとんどがスクレイピング接続'.",The card-API situation may have changed since these materials.,Dated materials; not opened.,"C1/E: bank-data detection needs registration or a registered partner (Money Forward, Moneytree/MUFG). Card data implies credential custody (scraping), which raises security and provider-terms risk. Manual or receipt-based detection avoids both for a first test.",multiple_extracts,F82-Banking-EPA;F83-METI-cardAPI,C1;E3,S5
R7-E-E10,"APPI requires specifying and notifying or publishing the purpose of use, prohibits use beyond that purpose and provision to third parties without consent (subject to exceptions), and requires security-control measures.",independent media,reported_unopened,Japan,Current law,Personal-information handlers,Legal duties (qualitative),n/a,R7-S101,UNKNOWN,n/a,2026-10-05,契約ウォッチ APPI guide,"Search-tool extract (paraphrase, not verbatim): '利用目的の特定、利用目的の本人への通知または公表、本人の同意なしの個人情報の目的外利用禁止、本人の同意なしの個人情報の第三者提供禁止'.",None.,"General summary. Credential custody, call recording and pseudonymised data were not researched.",E3: an outcome-data moat (M1) must be a stated purpose at collection. Sharing outcome data with providers or partners needs consent or a lawful basis. Detailed design is for counsel.,extract_of_secondary,F84-APPI-basics,E3,S5
R7-E-E11,"A lawyer commentary warns that cancelling a deceased person's subscriptions may count as a dispositive act (処分行為) amounting to acceptance of the inheritance, which risks losing the ability to renounce it (相続放棄). Where the device cannot be used, cancellation follows the provider's instructions, sometimes by post.",independent media,reported_unopened,Japan,UNKNOWN,Heirs,Legal risk (qualitative),n/a,R7-S102,UNKNOWN,n/a,2026-10-05,ben54 news 1830,"Search-tool extract (paraphrase, not verbatim): 'サブスク契約の解約が、相続を承認したとみなされる「処分行為」にあたると評価され、相続放棄ができなくなるリスク'.",Other commentators may differ. Not researched further.,One commentary.,"P4 (bereavement): a paid cancellation service for heirs touches inheritance law, so it is closer to legal advice and the Art. 72 risk is higher. P4 is not a first-test segment.",extract_of_secondary,F85-DigitalEstate-law,E1;A1,S5
R7-E-E12,"The US FTC finalised an order (vote 5-0, 2025-01-16) requiring DoNotPay, marketed as 'the world's first robot lawyer', to stop unsupported claims that its AI matches a human lawyer, pay $193,000 and notify 2021-23 subscribers.",government/regulator,reported_unopened,US,2025-01,n/a,Enforcement event,n/a,R7-S103,2025-01,2025-01-16,2026-10-05,ftc.gov node 87474,"Search-tool extract (paraphrase, not verbatim): 'requiring DoNotPay … to stop making deceptive claims about the abilities of its AI chatbot'; '$193,000 in monetary relief'.",None.,US law. Japan's equivalent (景品表示法) was not researched.,Claims discipline: never market the service as legal help or as 'AI that cancels anything'. Japan's advertising-law exposure is a counsel question.,extract_of_primary_url,F86-FTC-DoNotPay,E2,S5
R7-E-E13,"CAA's review meeting on the Consumer Contract Act discussed regulating the consumer-contract process, including continuous contracts, at its 6th meeting (2026-07-02). A 7th meeting was held on 2026-07-13.",government/regulator,reported_unopened,Japan,2026-07,n/a,Process (qualitative),n/a,R7-S104,2026-07,2026-07-13,2026-10-05,CAA review_meeting_006 pages,"Search-tool extract (paraphrase, not verbatim): 'regulations for the consumer contract process including regulations to respond to the proliferation and expansion of continuous contracts'.",None.,Meeting materials not read.,K1: reform is actively in process (the same family as R7-E-A17). The direction is set; the final scope is not.,extract_of_primary_url,F02-CAA-ContinuousContracts2026,K1,S5
R7-E-H01,"Japan's FY2025 regional minimum wages average ¥1,121 an hour (national weighted average, +¥66), ranging from ¥1,023 to ¥1,226 (Tokyo). They take effect between 2025-10-01 and 2026-03-31.",government/regulator,reported_unopened,Japan,FY2025,Workers,Hourly wage floor (¥),n/a,R7-S105,2025-09-05,2025-09-05,2026-10-05,MHLW newpage_63030,"Search-tool extract (paraphrase, not verbatim): '全国加重平均額が平均66円引き上げの1,121円'; '最高額は東京都の1,226円'.",None.,"A wage floor, not the cost of a service agent.",Labour-cost floor for C03-C05 (economics model input).,extract_of_primary_url,F87-MHLW-minwage,F1;G1,S6
R7-E-H02,"Job-board data show average posted hourly wages for call-centre and phone operators in Kanto of about ¥1,659-1,749 (April 2025), with Tokyo listings mostly ¥1,600-2,000.",company/provider,company-reported,"Kanto, Japan",2025-04,Job postings,Posted hourly wage (¥),Postings,R7-S106,2025,2025-04,2026-10-05,Baitoru Kanto call-centre listings,"Search-tool extract (paraphrase, not verbatim): '関東全体の2025年4月の平均時給は1,749円'; '関東のテレフォンオペレーター職全体の平均時給は1,659円'.",None.,"Posted wages exclude employer social insurance, management and idle time. No source for a load factor.",Wage input for human minutes. The load factor is an assumption (economics model).,extract_of_primary_url,F88-Baitoru-wages,F1;G1,S6
R7-E-H03,Anthropic API list prices: a small-tier model at $1 (input) / $5 (output) per million tokens; a mid-tier model at $2 / $10. Batch processing is 50% off.,company/provider,company-reported,Global,As cached 2026-09-25,n/a,USD per million tokens,n/a,R7-S107,2026-09-25,2026-09-25,2026-10-05,cached pricing reference,Cached reference text (not a web extract): small tier $1/$5; mid tier $2/$10; batch 50% off.,None.,Token volumes per cancellation are assumptions. The pricing page was not opened.,Model-cost input for C03-C05.,extract_of_primary_url,F89-Anthropic-pricing,G1,S6
R7-E-H04,"A finance article states that switching 1,000 households to a new electricity retailer earns an agency roughly ¥170,000 a month in commission (about ¥170 per household-month).",independent media,reported_unopened,Japan,UNKNOWN,Electricity agencies,Commission per household-month (¥),Switched households,R7-S108,UNKNOWN,UNKNOWN,2026-10-05,gentosha-go 5720,"Search-tool extract (paraphrase, not verbatim): '1000世帯切り替えた場合、月額でおよそ17万円の代理店手数料'.",None.,"Single, undated source. The commission basis and duration are unknown.","Weak anchor for C08 revenue per switch (economics model input, illustrative only).",extract_of_secondary,F90-Power-agency-fee,G1,S6
R7-E-K01,"Japanese financial and telecom firms are moving AI voice agents from trials to production for INBOUND customer service in 2026 (examples cited: SMBC 'AI operator', Tokio Marine). Some cases report 50-70% of enquiries handled automatically.",independent media,reported_unopened,Japan,2026,Large firms' contact centres,Adoption (qualitative); automation share claims,Enquiries (per case; undefined),R7-S109,2026,2026,2026-10-05,ai-revolution ai-in-callcenter; labmemo,"Search-tool extract (paraphrase, not verbatim): '三井住友銀行の「SMBC AIオペレーター」…PoCから本番運用フェーズへの移行'; '問い合わせの50～70%をAIが自動対応するケース'.",None checked.,Vendor-adjacent blogs. Firm-level facts not verified.,"L (why now, ambiguous): providers are automating their own inbound lines. That may lower call cost for agents or add identity gates aimed at the account holder. Direction for a cancellation agent is UNKNOWN.",extract_of_secondary,F91-AI-callcenter,K1,S7
