route_id,provider,category,billing_route,subscription_owner,self_serve_cancel_available,cancel_url_or_surface,number_of_steps,telephone_required,in_person_required,MFA_or_reauth,account_holder_only_language,proxy_or_power_of_attorney_route,credential_sharing_allowed,cancellation_deadline,minimum_term,early_cancel_fee,confirmation_method,future_charge_verification,third_party_automation_feasibility,human_concierge_feasibility,evidence_source,date,unknowns,route_class,concierge_status,route_class_rationale,architecture
RM01,Any App Store-billed subscription,Platform-billed digital,Apple App Store,Service provider; Apple runs billing (inference),"Yes (user, in Settings)",Settings → [Apple ID] → Subscriptions → Cancel,About 5-6 taps (counted from a how-to; not observed),No,No,UNKNOWN,Only the user or Apple support can cancel (community sources),None found,UNKNOWN,UNKNOWN,UNKNOWN,UNKNOWN,UNKNOWN,Ambiguous on the card (APPLE.COM/BILL aggregate); needs Apple-side list or receipts,None: developers cannot cancel; no third-party path found,Guidance only,R7-E-B01;R7-E-B04;R7-E-G29,2026-10-05 (access); source dates in ledger,Apple's own documentation not opened; auth prompts; confirmation e-mail,B,not stated,Only the user can act; the startup can only guide a handoff,Platform settings
RM02,Any Google Play-billed subscription,Platform-billed digital,Google Play,Service provider; Google runs billing (inference),"Yes (user, in Play)",Google Play → Subscriptions,UNKNOWN,No,No,UNKNOWN,UNKNOWN,Developer-side API only,UNKNOWN,UNKNOWN,UNKNOWN,UNKNOWN,UNKNOWN,Card descriptor format not checked (S3 gap),None for third parties; the developer can cancel via API,Guidance only,R7-E-B03;R7-E-D02,2026-10-05 (access); source dates in ledger,Steps; descriptor; reauth,B,not stated,The user acts in Play; no third-party route,Platform settings
RM03,Netflix (card-billed),Direct digital (SVOD; #1 by 2025 spend share),Card / debit / prepaid / PayPay / PayPal,Netflix,Yes (web only; not in the app),netflix.com → Account → Cancel membership,About 4-5 (from a how-to; not observed),No,No,Sign-in (e-mail and password),Household-only account use,None found,Household only (not a third party),Before the next renewal date (access until the day before),None found,None ('違約金はかかりません'),UNKNOWN,Card line absent next cycle (descriptor match UNKNOWN),Low: no third-party API found; a third party logging in with the user's credentials is a provider-contract issue (S5),Not needed (self-serve web),R7-E-C01;R7-E-C22,2026-10-05 (access); source dates in ledger,Confirmation e-mail; descriptor; whether support will act for an agent,B,not stated,User-run web flow; credential use by a third party conflicts with household terms,Web self-serve behind login
RM04,U-NEXT (direct),Direct digital (SVOD; #2),Card / carrier billing / Rakuten Pay,U-NEXT,"Yes (web, including mobile browser)","U-NEXT website (解約, distinct from 退会)",UNKNOWN,No,No,Sign-in,ID and password for the member only,None found,No (third-party use prohibited),UNKNOWN,UNKNOWN,UNKNOWN,UNKNOWN,"Card line, or carrier-bill line if carrier-billed",Low: no third-party API found; a third party logging in with the user's credentials is a provider-contract issue (S5),Not needed,R7-E-C02;R7-E-C23,2026-10-05 (access); source dates in ledger,Steps; deadline; confirmation,B,not stated,User-run web flow; terms bar third-party credential use,Web self-serve behind login
RM05,Amazon Prime (incl. Prime Video),Direct digital (SVOD #3; retail membership),Amazon (card on file),Amazon Japan,"Yes (web, app, phone, chat)",Account & Lists → Prime → 会員情報を更新し、プライムをキャンセルする,3+ (from a how-to; further confirmations UNKNOWN),No (optional),No,UNKNOWN,UNKNOWN,UNKNOWN,UNKNOWN,UNKNOWN,UNKNOWN,None; automatic pro-rata refund based on benefit use,UNKNOWN,Card line; Amazon membership page,Low: no third-party API found; a third party logging in with the user's credentials is a provider-contract issue (S5),UNKNOWN whether phone or chat support acts for an agent,R7-E-C03;R7-E-G28,2026-10-05 (access); source dates in ledger,Agent acceptance on phone or chat; reauth,B,UNKNOWN,User-run; phone channel exists but agent acceptance unknown,Web self-serve behind login
RM06,Disney+ (direct),Direct digital (SVOD),Card (direct),Disney (direct),Yes,My page → Account → Subscription management → Cancel,About 4 (from a how-to),No,No,Sign-in,UNKNOWN,UNKNOWN,UNKNOWN,UNKNOWN,UNKNOWN,UNKNOWN,UNKNOWN,Card line; viewable to the end of the period,Low: no third-party API found; a third party logging in with the user's credentials is a provider-contract issue (S5),Not needed,R7-E-C04,2026-10-05 (access); source dates in ledger,Terms on credentials,B,not stated,User-run web flow,Web self-serve behind login
RM07,Disney+ (via docomo),Carrier-billed content,docomo (dアカウント; phone bill),Via docomo (contract holder: UNKNOWN),Yes (My docomo),My docomo → network PIN → ご契約内容 → 解約する,About 8 (from a how-to),No,No,Yes: network PIN (ネットワーク暗証番号),UNKNOWN,docomo proxies family-only (line-level rule; applicability to content UNKNOWN),UNKNOWN,Effective immediately on completion (no remaining days),UNKNOWN,None found; no refund,Acceptance e-mail (受付確認メール),Phone-bill line (not visible on card),Low: network PIN re-auth,Not needed for the user; a company cannot hold the PIN (inference),R7-E-C04;R7-E-C10;R7-E-B06,2026-10-05 (access); source dates in ledger,Who is the contracting party for the content,B,family-only,User authenticates with the network PIN; a different effective date from the direct route,Carrier portal with re-auth
RM08,"DAZN (annual plan, paid monthly)",Direct digital (sports),Card (direct); Apple/Google variants handled on platform,DAZN,Yes (app/web: My account → Subscription → Cancel),DAZN My account,About 4 (from the help extract),No,No,Sign-in,UNKNOWN,UNKNOWN,UNKNOWN,Stops renewal only,12 months,No refund; monthly payments continue to term end,UNKNOWN,"Charges CONTINUE by contract until term end, so absence of a charge is not the success test",Low: no third-party API found; a third party logging in with the user's credentials is a provider-contract issue (S5),Not needed,R7-E-C05,2026-10-05 (access); source dates in ledger,Confirmation,B,not stated,User-run; a term contract means verification needs the contract end date,Term contract (cancel ≠ charges stop)
RM09,Spotify Premium,Direct digital (music),"Card (web); also Apple, Google and carriers",Spotify,Yes (browser only; not in the app),spotify.com/account → Cancel,UNKNOWN,No,No,Sign-in,UNKNOWN,UNKNOWN,UNKNOWN,UNKNOWN,UNKNOWN,UNKNOWN,UNKNOWN,Card line; the account reverts to Free,Low: no third-party API found; a third party logging in with the user's credentials is a provider-contract issue (S5),Not needed,R7-E-C06,2026-10-05 (access); source dates in ledger,Steps; terms,B,not stated,User-run web flow,Web self-serve behind login
RM10,YouTube Premium (Google-billed),Direct digital (video/music),Google (card on file),Google/YouTube,Yes (web; non-iOS device),youtube.com/paid_memberships → Deactivate,UNKNOWN,No,No,Google sign-in,UNKNOWN,UNKNOWN,UNKNOWN,Benefits continue to period end,UNKNOWN,UNKNOWN,UNKNOWN,Card line,Low: no third-party API found; a third party logging in with the user's credentials is a provider-contract issue (S5),Not needed,R7-E-C07,2026-10-05 (access); source dates in ledger,Steps; terms,B,not stated,User-run web flow,Web self-serve behind login
RM11,"Adobe Creative Cloud (annual plan, paid monthly)",Direct digital (software),Card (direct),Adobe,UNKNOWN,UNKNOWN,UNKNOWN,UNKNOWN,No,UNKNOWN,UNKNOWN,UNKNOWN,UNKNOWN,Windows around order and renewal (14 days; 30 days before renewal) per secondary; unconfirmed,12 months (annual plan),50% of remaining contract charges,UNKNOWN,Card line; the fee charge appears after cancelling,Low: no third-party API found; a third party logging in with the user's credentials is a provider-contract issue (S5),UNKNOWN,R7-E-C08,2026-10-05 (access); source dates in ledger,Channel; steps; window rules,E,UNKNOWN,The cancellation channel was not established in the extracts,Term contract (cancel ≠ charges stop)
RM12,日経電子版,Direct digital (news),UNKNOWN,Nikkei,UNKNOWN,UNKNOWN,UNKNOWN,UNKNOWN,UNKNOWN,UNKNOWN,UNKNOWN,UNKNOWN,UNKNOWN,"A mid-month cancel is billed for the full month (weak, one source)",UNKNOWN,UNKNOWN,UNKNOWN,UNKNOWN,UNKNOWN,UNKNOWN,R7-E-C09,2026-10-05 (access); source dates in ledger,Almost everything,E,UNKNOWN,Channel not found,UNKNOWN
RM13,docomo mobile line (individual contract),Telco,docomo bill,NTT docomo,"Yes (My docomo online, since 2025-03-24); also shop and phone",My docomo → ドコモオンライン手続き → 解約,UNKNOWN,No (optional),No (optional),dアカウント sign-in,The online shop is in principle for the contract holder only,委任状 plus both IDs; proxies limited to family for individual contracts,UNKNOWN,UNKNOWN,UNKNOWN,A new 契約解除料 for 'non-normal use' from 2025-03 (details UNKNOWN),UNKNOWN,"Final bill, then no further bill",Low: dアカウント; holder-only online,Not for a company: proxies are family-only (decision-critical; verify on docomo's page),R7-E-C10,2026-10-05 (access); source dates in ledger,Exact family-only wording on docomo's page; fees,B,family-only,The user can self-serve online; a commercial agent is excluded by the family-only proxy rule,Formal written agency (restricted)
RM14,SoftBank 光,ISP / fibre,SoftBank bill,SoftBank,No (phone only; not in My SoftBank or shops),Phone,UNKNOWN,Yes,No,UNKNOWN,UNKNOWN,UNKNOWN,UNKNOWN,Renewal month (24th month) to avoid the fee,2-year auto-renewal plan,"¥10,450 (contracts to 2022-06-30) or one month's base fee (from 2022-07-01); plus remaining installation instalments",UNKNOWN,Final bill; equipment return,None (phone),UNKNOWN: whether a third-party caller is accepted,R7-E-C11,2026-10-05 (access); source dates in ledger,Agent acceptance; call verification steps,E,UNKNOWN,Phone-only; third-party caller acceptance unknown,Phone-only with fee window
RM15,dアニメストア,Carrier-billed content / direct digital,"docomo, official, app, Amazon channel, ニコニコ (6 windows)",docomo / partners by channel,Yes (site or My docomo),ご契約内容の確認・変更 → dアニメストア解約,About 5 (from a how-to),No (a phone window exists),No,dアカウント sign-in,UNKNOWN,UNKNOWN,UNKNOWN,Effective immediately on completion,UNKNOWN,UNKNOWN,Completion screen,Depends on the window (phone bill vs card vs Amazon),Low,Not needed; the hard part is identifying which of six windows holds the contract,R7-E-C12,2026-10-05 (access); source dates in ledger,Terms,B,not stated,User-run; identity resolution is the main friction,Carrier portal with re-auth
RM16,chocoZAP,Physical membership (gym),App (card on file; UNKNOWN),RIZAP group,Yes (app),App: 解約 / 退会 / 休会,UNKNOWN,No,No,UNKNOWN,UNKNOWN,UNKNOWN,UNKNOWN,10th of the month for end-of-month cancellation,UNKNOWN,None found; no refunds,UNKNOWN,Card line absent next month,Low: no third-party API found; a third party logging in with the user's credentials is a provider-contract issue (S5),Not needed,R7-E-C13,2026-10-05 (access); source dates in ledger,Steps; terms,B,not stated,App self-serve; deadline timing is a reminder problem,Web self-serve behind login
RM17,コナミスポーツクラブ,Physical membership (gym),UNKNOWN,Konami Sports,No for full termination (front desk only); plan changes online,Club front desk,UNKNOWN,No (phone not accepted),Yes,In person (ID UNKNOWN),UNKNOWN,UNKNOWN,n/a,Monthly deadline exists (date UNKNOWN),UNKNOWN,UNKNOWN,UNKNOWN,Bank or card debit absent,None,UNKNOWN: whether a proxy may attend,R7-E-C14;R7-E-B05,2026-10-05 (access); source dates in ledger,Proxy attendance; deadline date,E,UNKNOWN,In person only; proxy acceptance unknown,In person / written
RM18,Oisix 定期ボックス,Recurring physical product (food),UNKNOWN,Oisix ra daichi,Skip: yes (My page/app). Full 解約: UNKNOWN,My page / app (skip); 解約 UNKNOWN,UNKNOWN,UNKNOWN,No,UNKNOWN,UNKNOWN,UNKNOWN,UNKNOWN,Skip by 23:59 the day before delivery; year-end blackout,UNKNOWN,UNKNOWN,UNKNOWN,No next shipment and no card line,UNKNOWN,UNKNOWN,R7-E-C15,2026-10-05 (access); source dates in ledger,解約 channel,E,UNKNOWN,Cancel channel not established,Skip / pause ≠ cancel
RM19,進研ゼミ (Benesse),Professional / learning,UNKNOWN,Benesse,"No (phone only, per user reviews)",Phone,UNKNOWN,Yes (reviews),No,UNKNOWN,UNKNOWN,UNKNOWN,n/a,Monthly; missing it costs a month (reviews),UNKNOWN,UNKNOWN,UNKNOWN,Card or bank line; no next materials,None (phone),UNKNOWN: whether a non-account-holder caller is accepted; the account holder is often a parent,R7-E-C16,2026-10-05 (access); source dates in ledger,Current official policy (the 2026 guide PDF not read); agent acceptance,E,UNKNOWN,Phone and retention route; third-party acceptance unknown,Phone-only with retention script
RM20,スタディサプリ (individual),Professional / learning,Card / convenience store (web); App Store,Recruit,Yes (web support); App Store billing stopped separately in Apple,Support web; Apple Settings,UNKNOWN,No,No,Sign-in,UNKNOWN,UNKNOWN,UNKNOWN,UNKNOWN,UNKNOWN,UNKNOWN,UNKNOWN,"Card line, or Apple list if App Store-billed (two actions)",Low: no third-party API found; a third party logging in with the user's credentials is a provider-contract issue (S5),Not needed,R7-E-C17,2026-10-05 (access); source dates in ledger,Steps,B,not stated,User-run; stopping use ≠ stopping App Store billing,Web self-serve behind login
RM21,NHK reception contract,Regulated / quasi-statutory,Bank debit / card / invoice (UNKNOWN),NHK,Web only for household merge; otherwise no,"NHK contact centre phone, then mailed forms",UNKNOWN,Yes (most cases),No,Identity questions by phone,UNKNOWN,UNKNOWN,n/a,n/a: cancellation allowed only on qualifying events,n/a,n/a,Mailed forms returned,Debit absent,None,UNKNOWN,R7-E-C18,2026-10-05 (access); source dates in ledger,Agent acceptance,E,UNKNOWN,Conditional cancellation by phone and post; third-party role unknown,Phone-only with retention script
RM22,かんぽ生命 (life insurance),Regulated (insurance),UNKNOWN,Japan Post Insurance,UNKNOWN,Post office or branch,UNKNOWN,Contact required,UNKNOWN,Intent-confirmation document; possible call to the policyholder,Policyholder intent must be confirmed,"委任代理人 with 委任状, the agent's relationship to the policyholder, and IDs",n/a,UNKNOWN,UNKNOWN,Surrender value effects (not researched),UNKNOWN,Premium debit absent,None,UNKNOWN whether a non-relative company can be the agent,R7-E-C19,2026-10-05 (access); source dates in ledger,Non-relative agents; surrender-value advice issues,E,UNKNOWN,"A formal proxy route exists, but non-relative eligibility is unknown; regulated product out of first-test scope",Formal written agency (restricted)
