row_id,topic,constraint_type,instrument_or_source,what_extracts_establish,what_is_not_established,applies_to_jobs,applies_to_concepts,applies_to_routes,status,conservative_design_implication,counsel_question,evidence_ids
L01,Agency basics: agent vs messenger,law,"Civil Code Art. 99, 643 (doctrine via textbooks)",An agent's declaration within authority binds the principal. A messenger conveys the principal's own decision. Authority can be granted by mandate.,"Whether a provider must accept a cancellation conveyed by a company messenger or agent, and what proof of authority suffices.",J4,C04;C05,"E-class routes (RM11-RM12, RM14, RM17-RM19, RM21-RM22)",unresolved,"Model the service as a messenger conveying the user's own final decision, with a signed, timestamped instruction kept as evidence. No discretion on the user's behalf.","Is a cancellation notice conveyed by a company acting as 使者 (or as 代理人 under a written 委任) effective against a provider without the provider's consent? What form of authority (written, electronic, identity-verified) is needed?",R7-E-E01
L02,Provider terms restricting who may act,provider contract,docomo proxy rules; かんぽ生命 agent procedure; Netflix household; U-NEXT ID terms,docomo: proxies for individual contracts are family-only (unverified extract). かんぽ: agent's relationship plus a possible call to the policyholder. Netflix: household-only use. U-NEXT: no third-party use of IDs.,"Whether 'holder-only' or 'family-only' rules are enforceable against a consumer's chosen agent, including under Consumer Contract Act Art. 10 (unfair terms), and how the planned obstruction ban treats refusal of a duly authorised agent.",J4,C03;C04;C05,RM03;RM04;RM07;RM13;RM22,unresolved,"Assume providers may refuse company agents. Design for family-assisted or user-performed actions (B), with the company preparing, timing and tracking.",Can a provider lawfully refuse a cancellation from a consumer's written-authorised company agent? Would such a refusal be 'refusing a cancellation' under the proposed Consumer Contract Act amendment?,R7-E-C10;R7-E-C19;R7-E-C22;R7-E-C23
L03,Attorney Act Art. 72: conveying vs negotiating,law,弁護士法72条; 退職代行 commentary; Supreme Court 1971-07-14 and 1963-06-13 (via doctrine),Commentary: conveying a person's own decision is lawful for a non-lawyer; negotiating terms is not. The 事件性 requirement is contested. Contracts breaching Art. 72 are void.,"Whether a routine, undisputed subscription cancellation by a paid company is a 'legal matter'. Whether handling retention offers, fee explanations or effective-date disagreements crosses into negotiation.",J4;J6,C04;C05;C06;C09,All C/E routes,unresolved,"Conveyance only. No negotiation of fees, dates, refunds or retention terms. Stop and return control to the user at any disagreement.","For a paid service that conveys a consumer's undisputed cancellation decision, where exactly is the Art. 72 line, and which scripts or behaviours (e.g. answering retention offers, confirming effective dates) cross it?",R7-E-E02;R7-E-E04
L04,Official reasoning on Art. 72 for tech services,law,MOJ guidance 2023-08-01 (AI contract review),"Three cumulative elements: remuneration, 事件性, and legal affairs requiring expertise. Undisputed ordinary contracts are treated as lacking 事件性 in that context.",Whether this reasoning extends to services that act toward a counterparty.,J4,C03;C04;C05,All,unresolved,Do not rely on the MOJ guidance as authorisation. Cite it only as context in the counsel brief.,Does the 2023 MOJ 事件性 reasoning carry over to an agent that sends undisputed cancellation notices to providers?,R7-E-E05
L05,Referral to lawyers (非弁提携),law,弁護士法 (non-lawyer tie-ups); the モームリ case (2025-26),A resignation-agency operator was searched (2025-10) and its former head indicted (2026-02-24) in connection with paid lawyer referrals.,Outcome of the case. Which referral structures are safe.,J6,C04;C05;C09,n/a,established-in-extract (event); unresolved (rule),Never receive fees for referring disputes. Send J6 cases to free public channels (188) or unpaid lawyer listings.,"What dispute-escalation design (if any) is permissible for a non-lawyer cancellation service, and how must any lawyer partnership be structured?",R7-E-E03
L06,Bill negotiation (C06),law,弁護士法72条 (analogy); 電気通信事業法 27-3 fee caps,"Negotiation is the side of the resignation-agency line that commentary treats as unlawful for non-lawyers. Telecom exit fees are already capped (¥1,000 mobile; about one month's fee for fixed lines).","Whether commercial price negotiation with a telco or ISP, without any dispute, has 事件性. The size of retention discounts in Japan.",J2;J4,C06,RM13;RM14,unresolved,Treat C06 as legally high-risk and economically small in Japan until counsel and data say otherwise.,"Is negotiating a lower recurring price with a telco or ISP on a consumer's behalf, for a success fee, a 'legal matter' under Art. 72?",R7-E-E02;R7-E-E08
L07,Cancellation fees (Consumer Contract Act Art. 9; 2023 amendment),law,消費者契約法 9条; 2023-06-01 amendments,Charges above 'average damages' are void. Businesses have an effort duty to explain the basis of fees.,How often subscription fees in the route sample exceed average damages.,J6,C05,RM11;RM14,established-in-extract,"Show the fee and its stated basis before acting (informed consent). Never contest a fee. That is J6, so refer out.",Can the service tell users that a fee 'may be contestable' without giving legal advice?,R7-E-E07;R7-E-C08;R7-E-C11
L08,Planned obstruction ban (Consumer Contract Act reform),law,CAA expert committee interim summary (2026-08/09); review meetings 2026-07,"Proposed: ban misrepresentation, refusal, unreasonable delay and deception or intimidation in cancellations; injunctions by qualified consumer organisations; effort duties on methods, disclosure and renewal notices. Bill as early as the next ordinary Diet session.",Final text and timing. Whether phone-only or complex flows are covered. Whether refusing an agent counts as refusal.,J3;J4,C02;C03;C04;C05,E-class routes,unresolved (proposal),Plan for the hard-route friction to shrink from about 2027-28 among compliant providers. Do not build a business whose only value is obstruction.,"On the current drafts, which of the E-class route behaviours (phone-only, in person, written) would be unlawful after reform?",R7-E-A17;R7-E-E13
L09,"定期購入 rules (Specified Commercial Transactions Act, 2022)",law,特商法 12条の6; anti-obstruction misrepresentation ban,Final-confirmation display duties; ban on misleading displays; ban on misrepresentation to obstruct cancellation.,Whether a non-lawyer service may help consumers invoke statutory rescission.,J4;J6,C04;C05,P1 sellers (not sampled),established-in-extract,"Help users cancel within the seller's stated process. Invoking statutory rescission is legal action, so refer to 188.","Can a non-lawyer service send a seller a consumer's cancellation that cites the seller's statutory duties, without negotiating?",R7-E-E06
L10,Telecom fee caps,law,電気通信事業法 27条の3 (2019-10; 2022-07),"Mobile: 2-year maximum term and ¥1,000 fee cap. Fixed: fee capped at about one month's charge.",Legacy-contract share.,J2;J4,C04;C06;C08,RM13;RM14,established-in-extract,"Small money at stake per telco exit. Value lies in convenience, not savings.",n/a (factual),R7-E-E08
L11,Personal information (APPI),law,個人情報保護法 (general duties),Purpose specification and notice; no out-of-purpose use or third-party provision without consent (exceptions apply); security measures.,"Rules for credential custody, call recordings, sharing outcomes with providers, and pseudonymised or anonymised reuse for an outcome graph (M1).",J1;J4;J5,C01-C09,All,unresolved (specifics),"Specify 'improving cancellation routes' as a purpose at collection. Store no provider credentials. Keep outcome records at route level (provider × rail × result), not person level.","Can route-level outcome data derived from user cases be retained and used to improve service for other users, and in what processed form?",R7-E-E10
L12,Bank-account data,law,"銀行法 (電子決済等代行業, 2018)",Registration and bank contracts are required for account-information services. Bank reference APIs are widely available.,"Cost and time of registration for a startup. Partner terms (Moneytree/MUFG, Money Forward).",J1;J5,C01;C05;C07;C09,n/a,established-in-extract,"No bank linkage in any first test. Later, only via a registered partner, accepting dependence on a competitor-owned pipe.",Is verification-only access (did charge X recur?) subject to the same registration as full account aggregation?,R7-E-E09;R7-E-G07;R7-E-G08
L13,Card data,technical restriction,METI card-API materials; industry practice,"Major card data links mostly rely on screen-scraping, and no standard card API exists.",Whether any registration applies to card-data aggregation. Card companies' terms on scraping.,J1;J5,C01;C05,n/a,unresolved,Avoid card-credential custody. Use user-uploaded statements or screenshots in tests.,What legal and contractual exposure does storing card-site credentials for scraping create?,R7-E-E09
L14,E-mail receipts,provider contract,Google API user-data policy (restricted scopes; CASA),gmail.readonly is restricted. Server-side processing needs an annual CASA Tier 2 assessment (about $500 a year per a secondary source).,Outlook and Yahoo! Mail rules. Japanese template coverage.,J1;J5,C01;C05,RM01;RM02 (receipts),established-in-extract,Not for a first test. Use user-forwarded receipts instead.,n/a (platform policy),R7-E-D01
L15,Platform-billed subscriptions,technical restriction,Apple and Google developer capabilities,Apple: only the user or Apple support can cancel. Google: the developer can cancel via API. No third-party path.,Apple's own documentation.,J4,C03;C04,RM01;RM02,established-in-extract,Guide only. The user cancels in Settings or Play.,n/a,R7-E-B03;R7-E-B04
L16,Credential use by a third party,provider contract,Netflix household terms; U-NEXT ID terms,Account use is restricted to the household or member. Third-party ID use is prohibited (U-NEXT).,Whether a one-off cancellation login by an agent breaches these terms or is tolerated.,J4,C03;C04,RM03;RM04,unresolved,No credential-based execution. The user logs in (B). Any automation runs in the user's own session under their control.,Does a user-supervised agent acting in the user's own logged-in session count as third-party use under typical Japanese ID terms?,R7-E-C22;R7-E-C23
L17,Switching-embedded cancellation,law,Electricity retail switching; MNP one-stop (2023),The new electricity retailer cancels the old contract on the customer's consent. MNP one-stop needs the user's consent in the old carrier's portal.,Whether a non-supplier intermediary can trigger these processes.,J4,C08,n/a (mechanisms),established-in-extract,"Per the extracts, on-behalf cancellation is established practice when the gaining provider performs it. A C08 design would therefore run through the gaining provider.",n/a,R7-E-C20;R7-E-C21
L18,US limited power of attorney model,unknown,Rocket Money ToS (via news),Rocket Money users grant a limited POA plus debit/credit authority (US).,Any Japanese equivalent's effectiveness or provider acceptance.,J4;J6,C04;C05;C06;C09,n/a,unresolved,Do not copy US terms. Draft from Japanese counsel's answer to L01-L03.,Is a standing (not per-cancellation) authorisation in app terms effective for Japanese cancellations?,R7-E-G19
L19,Bereavement and heirs,law,Inheritance rules (lawyer commentary),Cancelling a deceased person's subscription may count as a dispositive act implying acceptance of the inheritance (a risk to renunciation).,Prevalence. Provider bereavement procedures.,J1;J4,C04;C05,n/a (P4),unresolved,Exclude P4 from the first test. It sits close to legal advice.,Can a non-lawyer service help heirs identify (not cancel) a deceased person's subscriptions without legal-advice exposure?,R7-E-E11;R7-E-A11
L20,Seniors' capacity and family authority,unknown,Not researched,Nothing (no source).,When a family member may cancel for an elderly parent without guardianship (成年後見); provider practice.,J4,C04,RM13 (family-only proxy),unresolved,"P3 tests use the adult child as the user acting on their own or the parent's explicit written instruction, never on presumed authority.","What authority does an adult child need to cancel a capable parent's subscriptions, and what changes if capacity is in doubt?",R7-E-A06
L21,Registration for a cancellation-agent business,unknown,No regime found,No specific licence regime for a consumer cancellation agent was found.,Whether any licence applies; no path found ≠ none required.,J4,C04;C05,n/a,unresolved,Treat as unknown; part of E5.,Does any registration or licence regime apply to a paid consumer cancellation-messenger service?,R7-E-G12
L22,Marketing claims,unknown,FTC DoNotPay order (US analogy); 景品表示法 not researched,The US regulator penalised unsupported 'robot lawyer' claims (2025-01).,Japanese advertising-law exposure.,All,C03;C04;C05;C09,n/a,unresolved,No 'AI lawyer' or 'cancels anything' claims. State success rates only from measured data.,Which claims about cancellation success and AI capability are permissible under Japanese advertising law?,R7-E-E12
