concept_id,concept,jobs_served,route_classes_served,payer,economics_illustrative,legal_exposure,cheapest_incumbent_response,moat_candidate,status,reason,evidence_ids
R007-C01,Subscription dashboard (tracker),"J1, J2",n/a,Consumer subscription (¥280-540/month anchors),"+¥2,307 to +¥5,984 per paying user-year; payback never (tight) to 4 months (loose)",Low-medium (APPI; bank-data registration if linked),"Already sold by MF, Moneytree and Zaim; platform lists free",M2 (feature),Not pursued,Occupied and copyable (stop condition 7 effectively triggered),R7-E-G02;R7-E-G05;R7-E-G09;R7-E-G10;R7-E-D03
R007-C02,Cancellation guide / router,J3,All (information only),UNKNOWN (ads or affiliate; no source),Revenue UNKNOWN in every scenario,Low,Free guide sites (解約.com) and search already own intent,M3 (feature),Not pursued,Only durable value would be a static guide (stop condition 6 for web routes),R7-E-G11;R7-E-A03
R007-C03,AI-assisted cancellation navigator (user-run handoff),"J3, J4 (user executes)",B,Consumer subscription,"+¥2,243 to +¥5,886 per user-year, driven by subscription revenue not cancellations",Low-medium (claims; provider terms if the agent touches sessions),General AI agents already navigate web flows; PFMs add links,None,Not pursued,Commoditised by general agents and guides; user still authenticates,R7-E-G27;R7-E-C24
R007-C04,On-behalf cancellation concierge,J4,"E (hard routes), if permitted",Consumer per-cancellation fee (untested),"−¥763 to +¥475 per user-year; payback never in both; human-minute budget negative at ¥500, about 123 min at ¥1,500",High until E5 (Art. 72; provider acceptance),Free 188 for obstruction cases; providers' holder-only rules,"M1 (conditional, hard routes)",Parked: gated by E5,Permission unresolved; frequency low; fee economics thin,R7-E-C10;R7-E-E02;R7-E-E04;R7-E-G17
R007-C05,Cancellation + verified billing stop,"J4, J5",E (if permitted) + B; verification on card/bank rails,"Consumer subscription + fee, or partner","+¥2,136 to +¥6,628 per user-year, but only because of the tracker subscription; the subscription is not justified by cancellations alone (paradox flag = yes in both)","As C04, plus data (L11, L12)",MF and Moneytree already see whether charges stop (inference),M1 (conditional),Best surviving hypothesis; parked pending E5 + PR1,The only concept matching the differentiating job; every gate unresolved,R7-E-C05;R7-E-B06;R7-E-G03
R007-C06,Bill negotiation,J2,Telco/ISP,Success fee (US 35-60%),−¥246 to +¥575 per user-year,High (L06: negotiation side of the Art. 72 analogy),Telecom fee caps already compress the value,None,Not pursued,Legal gate and small Japanese value pool,R7-E-E02;R7-E-E08;R7-E-G20
R007-C07,B2B2C cancellation infrastructure,"J4, J5 for a partner's users",As C05,"Issuer, bank, wallet or benefits provider",+¥0.98M to +¥129.9M per partner-year; fee floor ¥5.86-18.37 per enrolled user-month; ALL partner inputs assumed,High (partner compliance; data),Visa/Pinwheel and Mastercard tooling; MUFG owns Moneytree,M6 (conditional),Parked: one discoverable number (E6),Only model where low frequency helps margins; partner demand unknown,R7-E-G07;R7-E-G25;R7-E-G26
R007-C08,Switching / fixed-cost optimisation,"J2, J4 via the gaining provider","Electricity, mobile (switching mechanisms)",Gaining provider (referral),+¥79 to +¥778 per user-year,Sector rules (not researched),MF fixed-cost review; comparison sites; gaining providers already cancel the old contract,None,Not pursued,Conflict of interest; occupied; small,R7-E-G04;R7-E-C20;R7-E-C21;R7-E-H04
R007-C09,Full Rocket Money-style Japan financial agent,J1-J6,All,Premium subscription + negotiation,"Not modelled as one unit (sum of C01, C05, C06 with their gates)","Highest (J6, negotiation, data)",MF's distribution plus fixed-cost services,None evidenced,Not pursued,"Transfer from the US is weak on data, authority and negotiation; the scale precedent relies on negotiation and premium revenue",R7-E-G13;R7-E-G17;R7-E-G19
