hypothesis_id,hypothesis,status,support,contradiction,confidence,unknown,cheapest_falsifier,decision_implication,evidence_ids
H01,A definable Japanese customer segment has material recurring subscription-management pain.,Partly supported (direction),About 20% report cancellation trouble; 定期購入 about 80-98k consultations a year; forgetting common in two independent surveys,"Money at risk per user modest (modal ≤¥2,000/month); segment definition and prevalence unmeasured",Medium (direction); low (magnitude),Probability-sample prevalence; segment boundaries,PR1,Necessary but not sufficient; cannot carry continuation alone,R7-E-A01;R7-E-A04;R7-E-A16;R7-E-A14
H02,"Cancellation execution, rather than tracking, is the principal residual job.",Not supported,"Hard-route frictions exist (phone, in-person, written)",Top-cited trouble is finding the route (46.0%); forgetting is the common pain,Medium against,Frequency of hard-route cases per user,PR1,"Reframes the product toward J1/J3, which are occupied",R7-E-A03;R7-E-A16;R7-E-A05
H03,Strong free substitutes do not already solve that job.,Contradicted for easy routes; unresolved for hard routes,No Japanese on-behalf service found,"Platform lists, guides, PFMs and 188 cover J1/J3/J6; B-class routes are self-serve",High (easy routes),Billing-rail mix of the target segment,PR1 rail reconstruction,Stop condition 1 effectively triggered for digital stackers (P2),R7-E-G12;R7-E-G29;R7-E-G11;R7-E-C24
H04,Enough users are willing to grant the minimum data access.,Unresolved,MF 17.3M and Moneytree about 6.5M users link accounts,"Those users grant access to incumbents, not a startup",Low,Startup link conversion,PR1 (screen-share acceptance as a proxy),Detection should be borrowed,R7-E-G01;R7-E-G07
H05,Enough users are willing to delegate cancellation.,Unresolved,Family delegation exists (docomo family proxies),No evidence of paid delegation,Low,Delegation rate on hard routes,PR1 prior-behaviour questions,Gate for C04/C05,R7-E-C10
H06,A third party can legally and contractually cancel a meaningful subset of subscriptions.,"Unresolved, leaning against for company agents",Messenger reading of the resignation-agency analogy; MOJ 2023 事件性 reasoning (other context),docomo family-only proxies; holder or credential terms; Art. 72 contested; 2025-26 enforcement in the analogue,Low,Counsel's view; provider acceptance,E5,Binary gate (stop condition 2),R7-E-E02;R7-E-E05;R7-E-C10;R7-E-E03
H07,Cancellation can be executed reliably without excessive human support.,Unresolved,B routes are short; US concierge exists,Minute budget negative at ¥500 (tight); US lead times 2-10 business days,Low,Minutes per hard route,E3,Stop condition 5,R7-E-G18
H08,The frequency or value of cancellation is enough to support the consumer business.,Leaning contradicted,Backlog in year 1,Steady state 50-67% of year 1; about 0.25 cancellations per app user cumulative at the US analogue; cancellations justify only ¥22.50-450/month,Medium against (illustrative),Japanese frequency,PR1,Stop condition 4 leaning; needs recurring value,R7-E-G17
H09,A payer exists with positive unit economics.,Unresolved; negative for B2C pay-per-use,C07 positive if a partner pays ≥¥5.86-18.37 per enrolled user-month,C04 payback never; partner WTP unknown; MUFG owns Moneytree; network tooling,Low,Partner WTP,E6,Stop condition 10,R7-E-G07;R7-E-G25
H10,Customer acquisition and retention work despite episodic usage.,Leaning contradicted,Intent moments exist (search for 'X 解約'),Guides own intent; paradox; churn after the need is met,Low-medium against,CAC in Japan,Intent-traffic test (not designed; outreach),Pushes toward B2B2C,R7-E-G11
H11,"A compounding data, integration or trust asset can form.","Unresolved (M1, M6 conditional)",Hard-route playbooks are non-public,Web routes scrapeable; incumbents see charge stops; no provider APIs,Low,Learning curve; data reuse legality,E3 learning curve + E5 (L11),"Stop conditions 7, 9",R7-E-G11;R7-E-E10
H12,Incumbents cannot cheaply erase the wedge before the company builds that asset.,Contradicted for easy routes; unresolved for hard routes,Hard-route human execution is costly to add,MF could add guides in weeks; networks productising; regulation by about 2027-28,Medium against,Incumbent appetite for human operations,Watch triggers,"Stop conditions 7, 8",R7-E-G03;R7-E-G25;R7-E-A17
H13,Japan creates a genuine initial advantage rather than extra complexity.,Leaning contradicted,No local on-behalf player,Family-only proxy rules; Art. 72; scraping-based card data; competitor-owned aggregation pipes,Medium against,Counsel view,E5,Japan adds complexity more than advantage,R7-E-C10;R7-E-E09;R7-E-G07
H14,The company can expand beyond cancellation without losing consumer alignment.,"Unresolved, leaning against",Fixed-cost review is a known adjacency,Switching revenue comes from gaining providers (conflict); negotiation legally gated; MF already there,Low,—,n/a until a core exists,No credible expansion path that keeps alignment,R7-E-G04;R7-E-C20;R7-E-E02
