job_or_concept,maps_to,value_status,permission_status,economics_status,strongest_alternative_to_beat,discovery_treatment,eligible_follow_on,what_a_prototype_needs_first,cla_v1_status_superseded
J1 Offer selection / comparison,C03 (C05 replenishment folded in as deprioritised),UNRESOLVED,Comparison itself: no barrier found. Referral revenue on a personal-assistant surface: RESTRICTED (Rakuten) / UNRESOLVED (others),No bookable revenue under current gates; conditional only,"Google AI Mode conversational shopping, in-mall AI (Yahoo, Rakuten, Rufus), Kakaku.com, point sites/Rebates",include,No-purchase offer-comparison task,Net effort/uncertainty reduction vs strongest alternative; a permitted monetisation surface or a non-affiliate payer,UNRESOLVED; economics fragile
J2 Checkout preparation and user-approved execution,C02,UNRESOLVED,NOT ESTABLISHED (no connected permitted path); Amazon delegated execution excluded,Not computed (gated),"Saved addresses/payment, one-click, Amazon Pay/Rakuten Pay/PayPay",include (measure current checkout effort only),Permitted-path memo (no execution),One documented connected path for the intended task; issuer/merchant acceptance,CONTRADICTED for now (watch)
J3 Delivery coordination,C01 (C01a forwarding),UNRESOLVED (empty-market claim contradicted),Read-only views permitted; changes via carrier channels only,No sourced revenue; subscription WTP unmeasured; passive affiliate = rule zero,"Carrier LINE/member flows, Parcel, Gmail Purchases, merchant apps/agents",include,Parcel/Gmail/current-workflow benchmark,Material residual burden after these tools for an activity-selected group,CONTRADICTED as standalone
J4a Exception assistance (drafting/reminders),C04a,UNRESOLVED,Read-only + user acts; no account access,Low provider cost per draft; payer unknown; user still spends time,"Merchant/carrier support, own memory, in-mall post-purchase chat",include,Timed case assistance (drafting arm),"Observed incidence, user minutes saved, payer",UNRESOLVED - recommended first (withdrawn)
J4b Human case resolution,C04b,UNRESOLVED,Acts only via user; merchant controls outcome,JPY 32-40 partner fee cannot fund full resolution (ADJ-33),Merchant/carrier support,include as mechanism probe only,Timed case assistance (human arm) with full cost distribution incl. failures,Cost tail and payer evidence,(bundled in C04)
C06 Cross-border,C06,NOT RESEARCHED,,,,exclude,none,,NOT RESEARCHED
C07 Partner distribution,C07,UNRESOLVED,Partner-authorised data,Startup side positive only before unknown integration/sales costs; partner benefit unmeasured,Partners' own tools; merchant SaaS,not in this round,none now (not a default rescue),Buyer evidence with stated fee and transferred-cost accounting,UNRESOLVED (pivot candidate) - withdrawn as default
C08 B2B infrastructure,C08,NOT RESEARCHED beyond existence of merchant-paid post-purchase SaaS,,,"Recustomer, AfterShip, OMS/WMS",not in this round,none now,Separate buyer and operating evidence,UNRESOLVED (partially researched)
T01-T03 adjacent themes,B2B logistics interoperability; SKU data infrastructure; physical-AI support,NOT RESEARCHED,,,,not scored,none,,NOT RESEARCHED
