concept_id,scenario,variable_id,input_or_output,description,value,unit,period,formula_or_dependency,fact_or_assumption,source_ids,revenue_treatment,denominator,sensitivity,limitation,value_exact,value_display,permission_status,applicability_status,underwriting_treatment,commercial_amount,repair_note
DEF,definitions,active_user,definition,A person who used the product at least once in the month. Not an acquired user and not a paying user.,,person,active_user_month,definition,definition,,not_revenue,active_user_month,,v1 contribution is stated per active user. It is not per acquired user.,,,,,,,
DEF,definitions,acquired_user,definition,A person who installed or signed up through the paid or unpaid channel being costed. Activation into an active user is a separate blank rate.,,person,acquired_user,definition,definition,,not_revenue,acquired_user,,"CAC divides by this person. Contribution does not, until activation is observed.",,,,,,,
DEF,definitions,attempted_action,definition,A delegated checkout attempt. Equals orders x coverage x delegated share. It is not an attributable order.,,attempts,active_user_month,orders x coverage x delegated_share,definition,,not_revenue,active_user_month,,"Coverage is applied once, here. It is not applied again as a second penalty on attributable orders.",,,,,,,
DEF,definitions,successful_attributable_order,definition,An attempt that completes and also meets the program's qualifying-click and payment rules. Historical tracked orders are not in this count.,,orders,active_user_month,attempts x execution_success x attributable_share,definition,,requires_eligibility_gate,active_user_month,,Attributable share is an assumption. Program eligibility can set the booked count to zero even when this formula is positive.,,,,,,,
GATE,delegated_amazon_execution,addressable_affiliate_revenue,output,Amazon affiliate revenue booked for the startup placing orders on the user's behalf.,0,JPY,active_user_month,"eligibility gate, not the commission formula",policy_text_not_a_forecast,GRO-S038,not_booked_prohibited_if_english_6k_is_operative_japanese_contract_unreconciled,active_user_month,v1 arithmetic is retained in the reproduction rows and is not booked,The co.jp policies URL returned English Program Policies updated 2026-04-14. Participation Requirements 6(k) prohibits orders on behalf of another person. The Japanese operating agreement was not opened.,0,0,"adverse clause in retrieved English text (6(k), on-behalf orders)",Japanese operating agreement unreconciled,exclude from current investment case,unknown (not an observed universal zero),
GATE,comparison_then_user_click,addressable_affiliate_revenue,output,Affiliate revenue from a disclosed qualifying referral followed by the user's merchant-hosted purchase.,,JPY,active_user_month,"unknown until the program, surface, and approval are checked",unknown,GRO-S038;GRO-S039,not_booked_potentially_eligible_unverified,active_user_month,,Blank means unknown. It does not mean zero and it does not mean the v1 upside.,,,unresolved by program and surface; Rakuten restricts closed/one-to-one tools except approved corporate partners (search extract),unresolved,exclude until program x surface approval is confirmed,unknown,
GATE,passive_tracking,addressable_affiliate_revenue,output,"Affiliate revenue from reading receipts or maintaining a timeline, with no new qualifying click.",0,JPY,active_user_month,no qualifying click,program_rule,GRO-S017;GRO-S039,not_commissionable,active_user_month,,Zero here means the program rule yields no fee for history. It is not a guess about user value.,0,0,n/a,n/a,not a commissionable event,0 by program rule (no qualifying click) - distinct from unknown,
C02,v1_base,attempts,output,orders x coverage x delegated share,0.05,attempts,active_user_month,orders x coverage x delegated_share,calculation_from_v1_assumptions,v1:04_economics_model.csv,reproduction_only_not_addressable_for_delegated_amazon_execution,active_user_month,,"Assumptions, not observed behavior.",0.05,0.05,,,,,
C02,v1_base,failed_attempts,output,attempts x (1 - execution success),0.02,attempts,active_user_month,attempts x (1 - execution_success),calculation_from_v1_assumptions,v1:04_economics_model.csv,reproduction_only_not_addressable_for_delegated_amazon_execution,active_user_month,,A failed attempt is not yet a human intervention.,0.02,0.02,,,,,
C02,v1_base,attributable_orders,output,attempts x execution success x attributable share,0.01,orders,active_user_month,attempts x success x attributable_share,calculation_from_v1_assumptions,v1:04_economics_model.csv,reproduction_only_not_addressable_for_delegated_amazon_execution,active_user_month,,Not booked.,0.012,0.01,,,,,REPAIR: exact 0.012 from reviewer-stated v1 inputs (4 x 0.25 x 0.05 x 0.60 x 0.40); consistent with exported revenue 0.96 at JPY 80/order. 0.01 was a 2-dp display value saved as data.
C02,v1_base,affiliate_revenue_if_payable,output,attributable orders x AOV x commission x (1 - clawback). Shown only to reproduce v1.,0.96,JPY,active_user_month,attributable_orders x aov x rate x (1 - clawback),calculation_from_v1_assumptions,GRO-S015,reproduction_only_not_addressable_for_delegated_amazon_execution,active_user_month,,The commission-rate input is an Amazon schedule extract. The rest of the product is assumed. Delegated execution is not booked.,0.96,0.96,,,,,
C02,v1_base,contribution_if_revenue_payable_and_support_is_30,output,v1 revenue minus the v1 shared support assumption of 30. Not an addressable result.,-29.04,JPY,active_user_month,affiliate_revenue_if_payable - 30,calculation_from_v1_assumptions,v1:04_economics_model.csv,reproduction_only_not_addressable_for_delegated_amazon_execution,active_user_month,,"Upside is positive before omitted costs. Base and tracking-only are negative. Omitted costs are unknown, not zero.",-29.04,-29.04,,,,,
C02,v1_upside,attempts,output,orders x coverage x delegated share,1.00,attempts,active_user_month,orders x coverage x delegated_share,calculation_from_v1_assumptions,v1:04_economics_model.csv,reproduction_only_not_addressable_for_delegated_amazon_execution,active_user_month,,"Assumptions, not observed behavior.",1.00,1.00,,,,,
C02,v1_upside,failed_attempts,output,attempts x (1 - execution success),0.20,attempts,active_user_month,attempts x (1 - execution_success),calculation_from_v1_assumptions,v1:04_economics_model.csv,reproduction_only_not_addressable_for_delegated_amazon_execution,active_user_month,,A failed attempt is not yet a human intervention.,0.20,0.20,,,,,
C02,v1_upside,attributable_orders,output,attempts x execution success x attributable share,0.56,orders,active_user_month,attempts x success x attributable_share,calculation_from_v1_assumptions,v1:04_economics_model.csv,reproduction_only_not_addressable_for_delegated_amazon_execution,active_user_month,,Not booked.,0.56,0.56,,,,,
C02,v1_upside,affiliate_revenue_if_payable,output,attributable orders x AOV x commission x (1 - clawback). Shown only to reproduce v1.,304.64,JPY,active_user_month,attributable_orders x aov x rate x (1 - clawback),calculation_from_v1_assumptions,GRO-S015,reproduction_only_not_addressable_for_delegated_amazon_execution,active_user_month,,The commission-rate input is an Amazon schedule extract. The rest of the product is assumed. Delegated execution is not booked.,304.64,304.64,,,,,
C02,v1_upside,contribution_if_revenue_payable_and_support_is_30,output,v1 revenue minus the v1 shared support assumption of 30. Not an addressable result.,274.64,JPY,active_user_month,affiliate_revenue_if_payable - 30,calculation_from_v1_assumptions,v1:04_economics_model.csv,reproduction_only_not_addressable_for_delegated_amazon_execution,active_user_month,,"Upside is positive before omitted costs. Base and tracking-only are negative. Omitted costs are unknown, not zero.",274.64,274.64,,,,,
C02,v1_downside_tracking_only,attempts,output,orders x coverage x delegated share,0.00,attempts,active_user_month,orders x coverage x delegated_share,calculation_from_v1_assumptions,v1:04_economics_model.csv,reproduction_only_not_addressable_for_delegated_amazon_execution,active_user_month,,"Assumptions, not observed behavior.",0.00,0.00,,,,,
C02,v1_downside_tracking_only,failed_attempts,output,attempts x (1 - execution success),0.00,attempts,active_user_month,attempts x (1 - execution_success),calculation_from_v1_assumptions,v1:04_economics_model.csv,reproduction_only_not_addressable_for_delegated_amazon_execution,active_user_month,,A failed attempt is not yet a human intervention.,0.00,0.00,,,,,
C02,v1_downside_tracking_only,attributable_orders,output,attempts x execution success x attributable share,0.00,orders,active_user_month,attempts x success x attributable_share,calculation_from_v1_assumptions,v1:04_economics_model.csv,reproduction_only_not_addressable_for_delegated_amazon_execution,active_user_month,,Not booked.,0.00,0.00,,,,,
C02,v1_downside_tracking_only,affiliate_revenue_if_payable,output,attributable orders x AOV x commission x (1 - clawback). Shown only to reproduce v1.,0.00,JPY,active_user_month,attributable_orders x aov x rate x (1 - clawback),calculation_from_v1_assumptions,GRO-S015,reproduction_only_not_addressable_for_delegated_amazon_execution,active_user_month,,The commission-rate input is an Amazon schedule extract. The rest of the product is assumed. Delegated execution is not booked.,0.00,0.00,,,,,
C02,v1_downside_tracking_only,contribution_if_revenue_payable_and_support_is_30,output,v1 revenue minus the v1 shared support assumption of 30. Not an addressable result.,-30.00,JPY,active_user_month,affiliate_revenue_if_payable - 30,calculation_from_v1_assumptions,v1:04_economics_model.csv,reproduction_only_not_addressable_for_delegated_amazon_execution,active_user_month,,"Upside is positive before omitted costs. Base and tracking-only are negative. Omitted costs are unknown, not zero.",-30.00,-30.00,,,,,
C02,v1_upside,sensitivity_if_every_failed_attempt_needs_one_intervention,output,"Upside revenue minus 0.20 x 1500. Sensitivity, not an observed support rate.",4.64,JPY,active_user_month,304.64 - 0.20 x 1500,sensitivity,v1:04_economics_model.csv,reproduction_only_not_addressable_for_delegated_amazon_execution,active_user_month,identifies the operating question; does not assert that every failure needs a person,"Harmless handoff, abandoned purchase, payment ambiguity, and incorrect order are not the same event.",4.64,4.64,,,,,
C02,v1_base,sensitivity_if_every_failed_attempt_needs_one_intervention,output,Base revenue minus 0.02 x 1500. Numerically equal to the v1 base contribution because the assumed intervention count matches the failed-attempt count.,-29.04,JPY,active_user_month,0.96 - 0.02 x 1500,sensitivity,v1:04_economics_model.csv,reproduction_only_not_addressable_for_delegated_amazon_execution,active_user_month,,"The match to -29.04 is arithmetic, not evidence that the support assumption was derived from failures.",-29.04,-29.04,,,,,
C01,support_separated,read_only_tracking_support,input,Human support for a read-only tracking utility. Not taken from the C04 row.,,JPY,active_user_month,unknown,unknown,,not_a_cross_subsidy,active_user_month,,"Blank means unknown, not zero, and not 30.",,,,,,,
C02,support_separated,checkout_recovery_support,input,Paid human recovery for checkout failures. v1 assumed 0.02 interventions while the upside implies 0.20 failed attempts.,,JPY,active_user_month,unknown until failures are typed,unknown,,not_a_cross_subsidy,active_user_month,,Do not subtract the C04 service cost from checkout unless a cross-subsidy is named and evidenced. None is.,,,,,,,
C04,per_case,realizable_fee,input,Fee a user in the exception segment will actually pay for one case.,,JPY,case,unknown,unknown,,not_affiliate,case,,General-user 0.02 interventions per month is not utilization in a cohort selected for repeated exceptions.,,,,,,,
C04,per_case,handling_minutes,input,"Minutes of human work, including repeat contacts and escalation.",,minutes,case,unknown,unknown,,not_affiliate,case,,Unresolved when the merchant or carrier controls the outcome and will not act.,,,,,,,
C04,per_case,contribution,output,"Realizable fee minus handling, repeat contacts, escalation, and other variable case costs.",,JPY,case,fee - variable case cost,unknown,,not_booked,case,,Not computed. The inputs are blank.,,,,,,,
C01,subscription_illustration,support_only_break_even_paying_share,output,Share of active users who would need to pay 480 at 85% store retention to cover a 30 support assumption and nothing else.,0.0735294117647059,share_of_active_users,active_user_month,30 / (480 x 0.85),threshold_not_a_market_fact,v1:04_economics_model.csv,illustration,active_user_month,7.35 percent at two-decimal display; exact value is 30/408,Does not show that 7.35% is attainable. The assumed 3% is not a measured ceiling. Parcel lists 800 JPY per year for a narrower tracker.,0.0735294117647059,0.0735294117647059,,,,,
C01,subscription_illustration,blended_revenue_at_assumed_3_percent,output,0.03 x 480 x 0.85. Reproduction of the v1 illustration.,12.24,JPY,active_user_month,0.03 x 480 x 0.85,calculation_from_v1_assumptions,v1:04_economics_model.csv,illustration_not_evidence_of_demand,active_user_month,,Willingness to pay is unmeasured.,12.24,12.24,,,,,
C02,cohort,activation_rate,input,Share of acquired users who become active. Required before any payback.,,share,cohort,unknown,unknown,,not_booked,acquired_user,,Blank. v1's 7.28 months assumes this rate is 1.,,,,,,,
C02,cohort,retention_given_activated_by_month,input,r_t = P(active in month t | activated). Used as a x r_t x c_t with activation_rate a applied exactly once.,,share,month_t,unknown,unknown,,not_booked,activated_cohort,,"Blank. Continued retention was assumed, not observed.",,,,,,,REPAIR: renamed and re-based on the activated cohort so activation appears once. Alternative convention q_t = P(active at t | acquired) must then NOT be multiplied by activation. Still blank (unknown).
C02,cohort,simple_cac_over_active_contribution,output,"2000 / 274.64. Identity only. Not observed payback and not booked, because revenue eligibility fails and activation is blank.",7.28226041,months,acquired_user_over_active_user_month,CAC_per_acquired / contribution_per_active,invalid_as_observed_payback,v1:04_economics_model.csv,not_a_payback,mixed_acquired_and_active,v1 displayed 7.28,Cohort month-t contribution per acquired user = a x r_t x c_t (or q_t x c_t). Never a x q_t. Both rates blank.,7.28226041,7.28226041,,,,,"REPAIR: formula text corrected; value retained only as an identity, not a payback."
OMITTED,all_concepts,inference_hosting_notifications,input,"Model, hosting, and notification cost.",,JPY,active_user_month,unknown,unknown,,omitted_cost_not_zero,active_user_month,any positive value reduces contribution,Unknown is not zero. Do not claim the category is smaller than support while it is unpriced.,,,,,,,
OMITTED,all_concepts,founder_labor,input,Founder time not already counted as a paid human replacement for the same hour.,,JPY,month,unknown,unknown,,omitted_cost_not_zero,founder_month,,Do not count the same hour once as founder labor and again as the 1500 JPY intervention.,,,,,,,
