affected_share,cases_per_affected,submission_prob,human_share,minutes_per_handled_case,labor_jpy_per_min,labor_jpy_per_household_month_exact,fee_32_covers_labor_alone,fee_40_covers_labor_alone,fee_40_covers_labor_plus_tracking_core_illustrativeA,tracking_core_illustrativeA_exact
0.4,1,0.05,0.25,5,50,1.2500000000000002,True,True,True,31.6255
0.4,1,0.05,0.25,10,50,2.5000000000000004,True,True,True,31.6255
0.4,1,0.05,0.25,15,50,3.7500000000000004,True,True,True,31.6255
0.4,1,0.05,0.25,30,50,7.500000000000001,True,True,True,31.6255
0.4,1,0.05,0.5,5,50,2.5000000000000004,True,True,True,31.6255
0.4,1,0.05,0.5,10,50,5.000000000000001,True,True,True,31.6255
0.4,1,0.05,0.5,15,50,7.500000000000001,True,True,True,31.6255
0.4,1,0.05,0.5,30,50,15.000000000000002,True,True,False,31.6255
0.4,1,0.05,1.0,5,50,5.000000000000001,True,True,True,31.6255
0.4,1,0.05,1.0,10,50,10.000000000000002,True,True,False,31.6255
0.4,1,0.05,1.0,15,50,15.000000000000002,True,True,False,31.6255
0.4,1,0.05,1.0,30,50,30.000000000000004,True,True,False,31.6255
0.4,1,0.1,0.25,5,50,2.5000000000000004,True,True,True,31.6255
0.4,1,0.1,0.25,10,50,5.000000000000001,True,True,True,31.6255
0.4,1,0.1,0.25,15,50,7.500000000000001,True,True,True,31.6255
0.4,1,0.1,0.25,30,50,15.000000000000002,True,True,False,31.6255
0.4,1,0.1,0.5,5,50,5.000000000000001,True,True,True,31.6255
0.4,1,0.1,0.5,10,50,10.000000000000002,True,True,False,31.6255
0.4,1,0.1,0.5,15,50,15.000000000000002,True,True,False,31.6255
0.4,1,0.1,0.5,30,50,30.000000000000004,True,True,False,31.6255
0.4,1,0.1,1.0,5,50,10.000000000000002,True,True,False,31.6255
0.4,1,0.1,1.0,10,50,20.000000000000004,True,True,False,31.6255
0.4,1,0.1,1.0,15,50,30.000000000000004,True,True,False,31.6255
0.4,1,0.1,1.0,30,50,60.00000000000001,False,False,False,31.6255
0.4,1,0.25,0.25,5,50,6.25,True,True,True,31.6255
0.4,1,0.25,0.25,10,50,12.5,True,True,False,31.6255
0.4,1,0.25,0.25,15,50,18.75,True,True,False,31.6255
0.4,1,0.25,0.25,30,50,37.5,False,True,False,31.6255
0.4,1,0.25,0.5,5,50,12.5,True,True,False,31.6255
0.4,1,0.25,0.5,10,50,25.0,True,True,False,31.6255
0.4,1,0.25,0.5,15,50,37.5,False,True,False,31.6255
0.4,1,0.25,0.5,30,50,75.0,False,False,False,31.6255
0.4,1,0.25,1.0,5,50,25.0,True,True,False,31.6255
0.4,1,0.25,1.0,10,50,50.0,False,False,False,31.6255
0.4,1,0.25,1.0,15,50,75.0,False,False,False,31.6255
0.4,1,0.25,1.0,30,50,150.0,False,False,False,31.6255
0.4,1,0.5,0.25,5,50,12.5,True,True,False,31.6255
0.4,1,0.5,0.25,10,50,25.0,True,True,False,31.6255
0.4,1,0.5,0.25,15,50,37.5,False,True,False,31.6255
0.4,1,0.5,0.25,30,50,75.0,False,False,False,31.6255
0.4,1,0.5,0.5,5,50,25.0,True,True,False,31.6255
0.4,1,0.5,0.5,10,50,50.0,False,False,False,31.6255
0.4,1,0.5,0.5,15,50,75.0,False,False,False,31.6255
0.4,1,0.5,0.5,30,50,150.0,False,False,False,31.6255
0.4,1,0.5,1.0,5,50,50.0,False,False,False,31.6255
0.4,1,0.5,1.0,10,50,100.0,False,False,False,31.6255
0.4,1,0.5,1.0,15,50,150.0,False,False,False,31.6255
0.4,1,0.5,1.0,30,50,300.0,False,False,False,31.6255
0.4,1,1.0,0.25,5,50,25.0,True,True,False,31.6255
0.4,1,1.0,0.25,10,50,50.0,False,False,False,31.6255
0.4,1,1.0,0.25,15,50,75.0,False,False,False,31.6255
0.4,1,1.0,0.25,30,50,150.0,False,False,False,31.6255
0.4,1,1.0,0.5,5,50,50.0,False,False,False,31.6255
0.4,1,1.0,0.5,10,50,100.0,False,False,False,31.6255
0.4,1,1.0,0.5,15,50,150.0,False,False,False,31.6255
0.4,1,1.0,0.5,30,50,300.0,False,False,False,31.6255
0.4,1,1.0,1.0,5,50,100.0,False,False,False,31.6255
0.4,1,1.0,1.0,10,50,200.0,False,False,False,31.6255
0.4,1,1.0,1.0,15,50,300.0,False,False,False,31.6255
0.4,1,1.0,1.0,30,50,600.0,False,False,False,31.6255
