relative_path,bytes,sha256,git_blob_at_commit,worktree_vs_commit
00_decision_memo.md,8333,2c5f3eae7bf44f982f59de20894ecad46a1dcdc4c2ab792db38bf61bba9e3f89,909a7b1616015abb70f39923b039e66b20b8555b,match
01_research_report.md,74346,1b6b9b3922ec654207c751338bccde272046fd3503ab1839b9447a3f59b0d8fc,5f4934ca23a451dd42a93feb46e0916c73cced16,match
02_evidence_ledger.csv,68427,423df70761c8b8ffcac044dbd843719980580c32a951ebd6d18bb26ef574e4ea,77ae0c2a81b6974ccee139613952ac55225ebb44,match
03_competitor_matrix.csv,11878,fe070223d882ef1f3ab97c088d8b7deb0c901f813472d2e0369def2972f6e0bf,463aa3e8316901d4437b83d17e123492c05ccbd9,match
04_economics_model.csv,79549,7d7bb0060ab9794817b88035414c01d93884e4647796b999f14321b0280188a5,0b925ce272cd7842337e35cc556389401524d89a,match
05_hypothesis_register.csv,7111,6617860e48151e34feb6681c3439cd7bc6ce5c6bda5ddcb67c9f58614aaa806d,47d3195cec247f07971082143b7b39b8b9af13e2,match
06_experiment_backlog.csv,7554,b394a43cf0c8e1b834958087013a07b7f98bfa5068ed3057799ac30bc646e6ec,48531a9bc178a144bc6d0eaf19d37318640fa1f2,match
07_concept_register.csv,6231,dd5969446107e747abb1258a007932af5e8324e8523725d0a3f3ed91c5d962e4,6598124e723db3e67037324415c6a0a797ae721b,match
08_source_register.csv,47094,a8cdf0d121637bf3fe66002d5b3f6a453f3bd3312b98f9bd7e49a820b352fd63,d1bbb9ac0364bc4708d4d6dba248aff749eee0e5,match
README.md,1858,9bf22622bb9f8c8e09d4e207966ccf433840e1a88523b3fbcb937609c3e43f8b,1d51ba5261f6c8431dd098c6eed06b824435f5c6,match
model/build_registers.py,4922,f80280038af6a9810cde44b3fb0eaed5fe1c7334d3a90f0a3b5cf4383ff95750,5b613c352a046c48fe46ed2c8b3a845558b83c42,match
model/claims.py,52158,38e22db8c04276275b15767d475a7d1976bd45d705712ffd239dd761a4d1f9a2,ca52710ed38c1062c93f8883daf1414e4ab60587,match
model/economics_model.py,30559,3cda86710567438662bbba65a9b06f53544587c2be08253a038c8af0c968a420,ff718578591ed18a5397f44d65b81862b4a7434a,match
model/economics_model.xlsx,15807,5c5b84974d7cdc5fb85129d710d7e1a7419558b499200cc3b6bab766d8f495be,5ac6e283e9c47db14f0726aa378f9e1e0bc2a9e4,match
model/registers.py,36905,2292f293f6de3ebad5c7e459eb368f7ef6644ed3050ae8c8465b476ac4bebd02,769ca01afff6822c8023bcfe2edc9bb8faaaa88a,match
model/sources.py,39737,6f081041bd4de413cc092411e2fc037ecfee37483929fad2fd6dd48235971343,7548651c7af9c4d9e3d0f3d569199101c112b8a5,match
