relative_path,bytes,sha256
00_consolidation_memo.md,9508,726d97231ec047ac4d2151c4675928ec51fbc2ef7f67df07ef01e91f344fe5a5
00_inputs_supplied/GRO_v2/GRO_02_new_claims_v2.csv,5813,ae76262087de8c7749a1da54203c056541a0f671a742fa2788c049c1ea9debb4
00_inputs_supplied/GRO_v2/GRO_03_competitor_delta_v2.csv,1531,919eecfa368dacad9de14331832682e8c1f0fd897ee62009724de7cb07a47a1e
00_inputs_supplied/GRO_v2/GRO_04_economics_model_v2.csv,13600,278d04d764fd6a8efc9f2bfc2715a6d83461f48730ed9521a6190b230804a222
00_inputs_supplied/GRO_v2/GRO_05_hypothesis_register_v2.csv,6720,3fd47c91ee7d4152b9a69d33f000e1c0dd997c916217ec8e94cab40450cb2b83
00_inputs_supplied/SUPPLIED_HASHES.txt,532,205048f95f6cb01d96f8123bf95889c128ef518f3e740477984655925dfea6bc
00_inputs_supplied/prompts/Claude_Consolidation_and_Validation_Prompt.md,21927,7edf3eab3b55fdbab35d30682df7b839733647bac5ff79d41fe768e629e35c9d
01_original_CLA_export/CLA_original_packet_ebd8cdf.tar.gz,155492,cba76917bfb10a8202ffb5115a808673b8ee46407f88ec5081225a8018ada323
01_original_CLA_export/EXPORT_NOTE.md,1969,c8cef962c4938327e81436604c06336f5c39c725048698aca679f82daee40d4c
01_original_CLA_export/MANIFEST_CLA_original.csv,2316,f1229397cd8bf787dfa709efb31868681d29e06e3bbfb6a744f4aa1455230c8e
02_claim_adjudication_ledger.csv,34827,cc7df609060d1e8a2c69dcaf51028297902581a2513d47685ae08ff2e36c486e
03_derivatives/CLA-D01_hypothesis_register_corrected.csv,6110,ce9f7dea1230ef458221d16ed0f2f171aa6e4b7f99d5a69230d564f0a1271c71
03_derivatives/CLA-D02_job_and_concept_status.csv,3177,d1c0b6d0ef1958e6374a5a2d0aacdf9b08aa6d8a51f2cba41e3728cbbb342013
03_derivatives/CLA-D03_permission_gates.csv,4399,03833fdf759e7b91bd77be455615e3ded3579dd76d88339f854ae467fa2d2b70
03_derivatives/CLA-D04_amazon_lifecycle_data_scope.csv,1855,8370f25edd6a53d1638cbb2f5ab526075bf52d59ea19c2b36b673170df71b14b
03_derivatives/CLA-D05_trace_state_corrections.md,3538,8a2f4675bdf0876593282da857b50e4c8737b45371b38b15d40d4340d08f4eab
03_derivatives/CLA-D06_source_additions.csv,2203,066612b5b4be8c577be4242812d09ed02e274601906c7feed1a37b6d2d5aa259
03_derivatives/GRO-D01_economics_model_v2_repaired.csv,15237,da620b5a2fa48314716fdb4448ad8244135017cabc266a4fc7b7d3ffb9ba6401
03_derivatives/bridge/bridge_model.py,31091,46ff6d1eb9589c119c979c7a16755d706558cca944a99bee41a6224de2a33d06
03_derivatives/bridge/bridge_outputs.csv,54947,d9847cdd70bf44ac3de96c9e4a693f82414b54d4936b2f90931e0706c40cbb72
03_derivatives/bridge/c04_stress_grid.csv,3690,887596e0095bdc9bc0c68e3fc973f14951a250f620ba48b4c53a5e44240ab2ec
03_derivatives/build_ledger.py,63525,572bfd59b968d04c759f8098a398425c1fce9068546be7d06d16111495571200
04_qa/QA_RECEIPT.md,4217,4114154bf766159b348f02bcea8d5fcf4e2b5369b20b00cb48ff27dccd20105f
04_qa/QA_bridge_tests.txt,2520,aaaaabb12b13ff06903b64c9dedfb19370358a8152ce306015828c8b895bb4d6
04_qa/QA_grok_v2.txt,1591,41e8ff86e49c4ff726a8d0b56e07fbaf540332f187437c620889d3ae5b23a1ca
04_qa/QA_original_CLA_rerun.txt,1432,b27b8c595db6dd5744f125ca6bb9df1608368f0f314d55655f0a6a4eed383f85
04_qa/QA_original_CLA_roundtrip_discrepancies.csv,3697,c0d6ab3dfbbe893ac05d66587023721479ed9386a6754ce15632b1c70fad88e6
04_qa/qa_grok_v2.py,8360,637e6b9ce471bab8babc90c4be22f477349a3b6e726ab4f3a454b0b250dfe596
04_qa/qa_original_cla.py,6239,ce98ba4678216da8fc57d76050418a37648cea6f7764c4f9f0cd629cd1141ba7
04_qa/test_bridge.py,8668,78c10208ab16ff1b3b418882f94ff56dd53c4695b37e6a5dc98e686ab0d72a08
05_discovery_kit/01_interview_guide_ja.md,8618,40b8696475356198180e9f95d27bf576cc28b3357a2ed1da7a5f8f1f1ec3f895
05_discovery_kit/02_coding_legend_en.md,4737,4495f6253433eb838968d6a935963ed9f98d7d1158aa542cb4b22cd916e55012
05_discovery_kit/03a_participant_sheet.csv,536,fd48dfb316b3c6107d04bd0f1a1eae70fd386d318d2bdf066c667aadac621729
05_discovery_kit/03b_purchase_job_sheet.csv,746,2fe088e0cc8c1c49d72a4fa358a32432b01d5511958c8874b1ce9164773f7cdc
05_discovery_kit/04_consent_and_data_boundary.md,2821,24ca5a8e87c7869be5adf0c4bf87c461669d52149035bab8119a1bcb7d6f42fc
05_discovery_kit/05_follow_on_rules_and_effort_cap.md,5463,c008cf639ec8d70083ad874e656422f41d2da685eaed9b524e9f6fea8373b96f
06_verification_queue.csv,3709,08d64f502b197925bd688e108be673ab31dc10d30eabe5e54145c38c7b94a027
README.md,2290,bafff438ee8e8cfcac11588c670a5f86f23776839d93ff41662a8b991393f939
