hypothesis_id,hypothesis,status,supporting_claim_ids,contradicting_claim_ids,confidence,key_unknown,falsification_test,decision_implication
H01,"A definable Japanese customer segment has frequent, material cross-merchant purchase or delivery friction.",UNRESOLVED,CLA-C070;CLA-C071;CLA-C072;CLA-C076,CLA-C073;CLA-C074,low,"Share of households with >=3 merchants and >=4 orders/month, and whether their friction is material after carrier/merchant notifications.","CLA-E002: if <20% of a deliberately heavy-buyer sample reports >=1 material unresolved post-purchase exception per month, H01 is contradicted for the wedge.","Multi-merchant use is common, but delivery-miss pain is falling; the only plausible material friction left is exceptions (returns, refunds, missing items), which is untested."
H02,"Current merchant apps, carrier notifications, email, wallets, and aggregators do not already solve it adequately.",UNRESOLVED (split: see H02a/H02b),CLA-C046;CLA-C048,CLA-C019;CLA-C020;CLA-C021;CLA-C031;CLA-C040;CLA-C044;CLA-C049;CLA-C050;CLA-C051;CLA-C060;CLA-C061,medium,Whether heavy multi-merchant users experience residual gaps that free tools miss.,CLA-E002 diary vs existing notifications.,"Compare against carriers' LINE flows and in-platform agents, not a strawman."
H02a,SUB: Delivery visibility ('when will it arrive') is not adequately solved by free tools.,CONTRADICTED,CLA-C077,CLA-C019;CLA-C020;CLA-C021;CLA-C040;CLA-C046;CLA-C073,medium,Coverage of phone-matched LINE notices for non-LINE users.,"If diary participants report <1 missed/unknown delivery per month, confirmed.",Do not lead with tracking.
H02b,"SUB: Post-purchase exceptions across merchants (returns windows, refund confirmation, missing/damaged items) are not adequately solved.",UNRESOLVED,,CLA-C040;CLA-C059,low,"Frequency, severity and current workaround time for exceptions.",CLA-E002 exception log.,This is the only consumer wedge worth testing.
H03,Enough users will grant the data access and transaction authority required.,CONTRADICTED (for transaction authority); UNRESOLVED (for data access),,CLA-C057;CLA-C078;CLA-C079;CLA-C118,medium,Inbox-connection and forwarding conversion in Japan.,CLA-E004 permission A/B; Visa-type survey already contradicts spending authority.,"Design for read-only, minimum-data, per-order approval; abandon autonomous purchasing."
H03a,SUB: Users will connect an inbox or set up forwarding.,UNRESOLVED,CLA-C016,CLA-C057;CLA-C118,low,Permission grant rate for forwarding vs OAuth.,CLA-E004: <25% grant in a recruited heavy-buyer sample = contradicted.,Model base assumes 40%.
H03b,SUB: Users will authorise an agent to spend on their behalf.,CONTRADICTED,,CLA-C078;CLA-C079,medium,"Whether bounded, per-order approval changes acceptance.",Not worth testing now.,Keep humans in the purchase decision; checkout = handoff.
H04,"A startup can obtain sufficient permitted, durable merchant/carrier/payment access.","CONTRADICTED (for purchase execution, consumer order APIs and delivery changes); SUPPORTED only for read-only email ingestion and merchant handoff",CLA-C010;CLA-C011;CLA-C013;CLA-C014,CLA-C001;CLA-C003;CLA-C004;CLA-C005;CLA-C007;CLA-C008;CLA-C009;CLA-C017;CLA-C018;CLA-C023;CLA-C026;CLA-C029;CLA-C083;CLA-C115,medium-high,Whether amazon.co.jp emails still carry item names; whether any marketplace would partner.,CLA-E001 (Amazon JP email check); CLA-E003 (partner conversations).,The reliable service boundary is read-only tracking from user-forwarded email plus merchant handoff.
H04a,SUB: Consumer order data across top marketplaces is accessible via a permitted API.,CONTRADICTED,,CLA-C007;CLA-C008;CLA-C031,medium,,,Email/user upload only.
H04b,SUB: Purchase execution across top marketplaces is permissible for an independent agent in Japan.,CONTRADICTED,,CLA-C001;CLA-C003;CLA-C004;CLA-C023;CLA-C026;CLA-C029,medium-high,JP launch of UCP/ACP/agentic tokens.,Re-open triggers in CLA-E010.,"Watch, do not build."
H04c,SUB: A third party can change delivery instructions for consignees.,CONTRADICTED,,CLA-C017;CLA-C019;CLA-C020,medium,,,Hand off to carrier channels.
H04d,SUB: Read-only order ingestion from email is permissible and durable.,SUPPORTED (conditional),CLA-C010;CLA-C011;CLA-C013,CLA-C005;CLA-C015,medium,Amazon JP email content; non-Gmail coverage.,CLA-E001; CLA-E005.,"Feasible substrate, fragile at the largest merchant."
H05,Agentic checkout produces meaningful incremental benefit over existing checkout.,UNRESOLVED (no direct evidence; priors negative),CLA-C043,CLA-C027;CLA-C040;CLA-C044,low,Time/error saved at the checkout step for already-logged-in users.,Not prioritised.,"Existing saved-payment/one-click flows leave little checkout friction; value sits in discovery, which incumbents own."
H06,Tracking and checkout reinforce each other commercially.,UNRESOLVED (precedent weakly negative),,CLA-C054;CLA-C055,low,Conversion from tracking users to handoff purchases.,CLA-E007 bridge test.,Model tracking as standalone; do not count on cross-subsidy.
H07,Japan-specific requirements create an advantage worth more than the associated complexity.,CONTRADICTED (low-moderate confidence),,CLA-C040;CLA-C042;CLA-C049;CLA-C075;CLA-C119,low-medium,"Whether cross-ecosystem points optimisation is a durable, valued capability.",CLA-E008 points audit.,Localisation is table stakes that incumbents already have.
H08,Customers can be acquired and retained through a realistic channel.,UNRESOLVED (priors negative),,CLA-C084;CLA-C100,low,"Any near-zero-CAC channel (communities, partners).",CLA-E002 recruitment yield; CLA-E003 partner interest.,Paid acquisition is not viable at modelled contribution.
H09,"Contribution economics remain attractive after failures, support, incentives, and acquisition costs.",CONTRADICTED (base case; assumption-dependent),CLA-C095,CLA-C090;CLA-C091;CLA-C092;CLA-C096;CLA-C097;CLA-C098;CLA-C058;CLA-C101,low-medium,"Handoff share, attributable share, paid conversion, human minutes.",CLA-E006 measures handoff/attribution against frontiers.,Only the upside case or partner-paid B2B2C clears break-even.
H10,"The company can defend value against incumbents, fast followers, and disintermediation.",CONTRADICTED,,CLA-C005;CLA-C028;CLA-C041;CLA-C047;CLA-C052;CLA-C116,medium,Any asset not reproducible by platforms.,,No moat identified; incumbents control data and can cut access.
H11,A specific recent change improves feasibility or demand.,UNRESOLVED (mixed),CLA-C024;CLA-C095;CLA-C121,CLA-C005;CLA-C026;CLA-C027;CLA-C074,medium,Japan launch dates for agent payment/protocol rails.,CLA-E010 watch triggers.,Cheap extraction is real; access is tightening; protocol checkout not in Japan.
H12,"The result can be a durable independent company rather than a feature, low-margin service, or inaccessible platform dependency.",CONTRADICTED (venture-scale Japan consumer); UNRESOLVED (smaller business / B2B),CLA-C059,CLA-C012;CLA-C055;CLA-C056;CLA-C099;CLA-C120,low-medium,Whether a merchant/partner payer exists for post-purchase exception handling.,CLA-E003.,"If anything, B2B/B2B2C is the more viable shape."
