concept_id,theme,segment,job,proposed_solution,payer,frequency,current_alternative,entry_surface,permissions,distribution,revenue_logic,defensibility_hypothesis,primary_risk,validation_status,supporting_claim_ids,disconfirming_claim_ids,cheapest_next_test
C01,Japan consumer commerce agent,Multi-merchant online shoppers,"Know what I ordered and when each parcel arrives, across merchants",Cross-merchant commerce inbox and delivery timeline from forwarded/connected email + carrier lookups,Unclear (no direct payer); affiliate on re-purchase or subscription,"Weekly-monthly (orders), daily during deliveries","Carrier LINE notifications, merchant apps/agents, Gmail Purchases, Money Forward ME, multi-carrier trackers",Email forwarding or Gmail OAuth; push/LINE,Read-only email (restricted Gmail scope or forwarding); no delivery-change authority,Organic/community; paid CPI too costly,None standalone (-JPY 44/active/month base),None found; data use barred for ads (Limited Use),Free substitutes + Amazon email change + no payer,CONTRADICTED as standalone business (desk research); UNRESOLVED as substrate,CLA-C010;CLA-C011;CLA-C095,CLA-C005;CLA-C019;CLA-C020;CLA-C040;CLA-C046;CLA-C054;CLA-C055;CLA-C096,CLA-E001
C01a,Japan consumer commerce agent,Privacy-sensitive heavy buyers,Same as C01 with minimum data,Forwarding-only/selective capture; no inbox-wide access; local parsing where possible,Same as C01,Same,Same,Dedicated forwarding address,Only user-forwarded messages,Same,Same,Trust/minimum-data posture,Setup friction lowers activation,UNRESOLVED,CLA-C057;CLA-C118,,CLA-E004
C02,Japan consumer commerce agent,Convenience-seekers buying across retailers,Buy the right item from the right merchant without doing checkout myself,User-approved cross-retailer checkout for a bounded retailer set,Merchants (commission/fee) or users,Monthly,"Saved payment/one-click, Amazon Pay, in-platform agents",App/chat,"Purchase authority, payment tokens, merchant permission",n/a,Commission/fee per order,None without merchant/platform contracts,No permitted execution path in JP; users resist delegation; 3DS,CONTRADICTED for now (watch),CLA-C024;CLA-C025,CLA-C001;CLA-C003;CLA-C023;CLA-C026;CLA-C027;CLA-C029;CLA-C078,CLA-E010 (watch triggers)
C03,Japan consumer commerce agent,Savings-seekers (points/coupons),Find the cheapest delivered price after points across ecosystems,Delivered-price + reward optimisation with merchant handoff (affiliate links),Merchants via affiliate commission,Per purchase,"Kakaku.com, point sites, Rakuten Rebates, Google AI Mode, in-platform AI",Web/app/chat; share sheet,Public product-search APIs (Rakuten/Yahoo); Amazon Creators API gated,Communities; SEO,Affiliate (-JPY 31/active/month base; +JPY 178 upside),Personal cross-ecosystem points model (weak; replicable),Handoff share and attribution too low; conflicts with point sites; incentive conflict when best offer pays no commission,UNRESOLVED (economics fragile),CLA-C049;CLA-C090;CLA-C091,CLA-C009;CLA-C052;CLA-C058;CLA-C092;CLA-C097;CLA-C114,CLA-E008 then CLA-E006
C04,Japan consumer commerce agent,Heavy multi-merchant households,"Resolve post-purchase exceptions (missing/damaged items, return windows, refund confirmation) across merchants",Exception detection from order timeline + human-assisted resolution drafts and reminders (no account access),Users (subscription/per case) or merchants/partners (B2B2C),Unknown (untested),"Merchant support, carrier support, own memory",Forwarding + LINE/push + concierge,Read-only email; user acts on merchant/carrier sites,Communities; partners,Subscription or partner fee,Exception data/playbooks across merchants (unproven),Exception frequency too low; human minutes too costly,UNRESOLVED - highest-value consumer test,,CLA-C098,CLA-E002
C05,Japan consumer commerce agent,Replenishment buyers (consumables),Re-buy staples at the right price/time without thinking,Rules-based reminders + handoff; no autonomous buying,Affiliate,Monthly,"Amazon subscribe & save/定期おトク便, Rakuten/Yahoo repeat purchase, Yahoo agent re-purchase",App/LINE,Read order history (email); handoff,,Affiliate,None vs platforms,Incumbent auto-buy features (US) can launch in JP,CONTRADICTED-leaning (desk),,CLA-C040;CLA-C045,Not prioritised
C06,Japan consumer commerce agent,Cross-border buyers,Buy from overseas merchants without friction,Assistance + handoff to proxy/forwarding services,Affiliate/fees,Infrequent,Proxy-buying and forwarding services; global marketplaces,Web,Handoff only,,Affiliate/fees,Unknown,Niche frequency; out-of-scope logistics,NOT RESEARCHED (beyond METI context: JP cross-border BtoC from US/China ~JPY 441B in 2024),,,Not prioritised
C07,Japan consumer commerce agent (B2B2C),"Users of a partner (merchant group, card issuer, carrier, telco)",Post-purchase visibility/exceptions inside a partner app,White-label post-purchase timeline/exception module embedded in partner channel,Partner (per MAU or per order),Monthly,Partners' own tools; Recustomer/AfterShip for merchants,Partner app/LINE,"Partner-authorised data (merchant orders, card transactions) + user consent",Partner distribution,Partner fee (+JPY 8/MAU base at JPY 40; break-even ~JPY 32),"Integration depth with partners (weak, replicable)",Partner dependency; long sales cycles; fee unproven,UNRESOLVED,CLA-C059,CLA-C041,CLA-E003
C08,Commerce infrastructure (B2B),"EC merchants, 3PLs, agent builders",Reliable post-purchase/exception automation across channels and carriers,"Execution/data infrastructure (order-carrier reconciliation, exception workflows) sold to businesses",Businesses (SaaS/usage),Continuous,"Recustomer, AfterShip, OMS/WMS (e.g., LOGILESS), in-house",API/SaaS,"Merchant-authorised APIs (Shopify, RMS, Yahoo store APIs, carrier shipper APIs)",Direct sales/partners,SaaS,Workflow embedding (unproven),Crowded; requires engineering depth,UNRESOLVED (partially researched),CLA-C017;CLA-C059,CLA-C032,CLA-E003
T01,Adjacent: B2B logistics interoperability,,,,,,,,,,,,,NOT RESEARCHED,,,Separate scoping
T02,Adjacent: Product/SKU data infrastructure,,,,,,,,,,,,,NOT RESEARCHED,,,Separate scoping
T03,Adjacent: Physical-AI support infrastructure,,,,,,,,,,,,,NOT RESEARCHED,,,Separate scoping
